<?xml version="1.0"?>
<doc>
    <assembly>
        <name>Sage.CRE.Core.LibraryManagement</name>
    </assembly>
    <members>
        <member name="T:Sage.Sandbox.Tools.LinkedSource.FolderRedirectSchemaException">
            <summary>
            Exception thrown when a schema error is found with a folder redirect file
            </summary>
        </member>
        <member name="M:Sage.Sandbox.Tools.LinkedSource.FolderRedirectSchemaException.#ctor(System.String,System.Exception)">
            <summary>
            Construct an instance of the FolderRedirectSchemaException class
            </summary>
            <param name="errorMessage">ErrorMessage</param>
            <param name="innerException">An inner exception</param>
        </member>
        <member name="M:Sage.Sandbox.Tools.LinkedSource.FolderRedirectSchemaException.#ctor(System.Runtime.Serialization.SerializationInfo,System.Runtime.Serialization.StreamingContext)">
            <summary>
            Serialization Constructor
            </summary>
            <param name="si">Serialization Info</param>
            <param name="sc">Streaming Context</param>
        </member>
        <member name="T:Sage.Sandbox.Tools.LinkedSource.FolderManager">
            <summary>
            </summary>
        </member>
        <member name="M:Sage.Sandbox.Tools.LinkedSource.FolderManager.GetRedirectLocation(System.String)">
            <summary>
            Retrieve a location specified by a redirect file
            </summary>
            <param name="redirectTypeExpression">An XPath expression used to locate the redirect information for a specific type of file</param>
            <returns>The location specified by a redirect file</returns>
            <remarks>The redirect file is a simple XML file that contains alternate locations for various default locations</remarks>
        </member>
        <member name="M:Sage.Sandbox.Tools.LinkedSource.FolderManager.GetRedirectFile">
            <summary>
            Returns the name and path of the redirect file if it exists 
            or null if it does not exists.
            </summary>
        </member>
        <member name="M:Sage.Sandbox.Tools.LinkedSource.FolderManager.ConditionalTrace(System.String,System.Object[])">
            <summary>
            Writes a message to the trace listeners if the "Sage.Sandbox.Tools.LinkedSource.FolderManager"
            trace switch is enabled.
            </summary>
            <remarks>
            To enable the switch, place the following in the application's exe.config:
            <example>
                <system.diagnostics>
                    <switches>
                        <add name="Sage.Sandbox.Tools.LinkedSource.FolderManager" value="1" />
                    </switches> 
                </system.diagnostics>
            </example>
            </remarks>
            <param name="format">A String containing zero or more format items.</param>
            <param name="args">An Object array containing zero or more objects to format.</param>
        </member>
        <member name="P:Sage.Sandbox.Tools.LinkedSource.FolderManager.SageCommonProgramFilesLocation">
            <summary>
            Returns the location where the shared Sage libraries are installed
            </summary>
            <remarks>Although shared libraries are typically expected to be 
            located at "Program Files\Common Files\Sage", an alternate location 
            can be specified via the 'Location' attribute on the 'SharedLibraries' 
            element in a FolderRedirect.xml file at: 
            C:\Documents and Settings\All Users\Application Data\Sage</remarks>
        </member>
        <member name="P:Sage.Sandbox.Tools.LinkedSource.FolderManager.CommonProgramFilesLocation">
            <summary>
            Returns the location where the shared libraries are installed
            </summary>
            <remarks>Although shared libraries are typically expected to be 
            located at "Program Files\Common Files", an alternate location 
            can be specified via the 'Location' attribute on the 'SharedLibraries' 
            element in a FolderRedirect.xml file at: 
            C:\Documents and Settings\All Users\Application Data\Sage</remarks>
        </member>
        <member name="P:Sage.Sandbox.Tools.LinkedSource.FolderManager.SharedDocumentsLocation">
            <summary>
            Return the location for shared documents on the current machine
            </summary>
            <remarks>Although this location is typically 
            "C:\Documents and Settings\All Users\Application Data\Shared Documents", 
            an alternate location can be specified via the 'Location' attribute on the 'SharedDocuments'
            element in a FolderRedirect.xml file at: 
            C:\Documents and Settings\All Users\Application Data\Sage</remarks>
        </member>
        <member name="P:Sage.Sandbox.Tools.LinkedSource.FolderManager.SageCommonApplicationDataLocation">
            <summary>
            Return the location for configuration files shared by all users on a machine
            </summary>
            <remarks>Although this location is typically 
            "C:\Documents and Settings\All Users\Application Data\Sage", 
            an alternate location can be specified via the 'Location' attribute on the 
            'SharedConfiguration' element in a FolderRedirect.xml file at: 
            C:\Documents and Settings\All Users\Application Data\Sage</remarks>
        </member>
        <member name="P:Sage.Sandbox.Tools.LinkedSource.FolderManager.SageApplicationDataLocation">
            <summary>
            Base location for configuration files for a specific user on a machine
            </summary>
            <remarks>Although this location is typically 
            "C:\Documents and Settings\[User Name]\Application Data\Sage", 
            an alternate location can be specified via the 'Location' attribute on 
            the 'UserConfigurationBase' element in a FolderRedirect.xml file at: 
            C:\Documents and Settings\All Users\Application Data\Sage</remarks>
        </member>
        <member name="P:Sage.Sandbox.Tools.LinkedSource.FolderManager.MyDocumentsLocation">
            <summary>
            Return the location for My Documents for a specific user on a machine
            </summary>
            <remarks>Although this location is typically 
            "C:\Documents and Settings\[User Name]\My Documents", 
            an alternate location can be specified via the 'Location' attribute on the 
            'UserConfigurationBase' element in a FolderRedirect.xml file at: 
            C:\Documents and Settings\All Users\Application Data\Sage</remarks>
        </member>
        <member name="T:Sage.Configuration.Internal.Constants">
            <summary>
              A strongly-typed resource class, for looking up localized strings, etc.
            </summary>
        </member>
        <member name="P:Sage.Configuration.Internal.Constants.ResourceManager">
            <summary>
              Returns the cached ResourceManager instance used by this class.
            </summary>
        </member>
        <member name="P:Sage.Configuration.Internal.Constants.Culture">
            <summary>
              Overrides the current thread's CurrentUICulture property for all
              resource lookups using this strongly typed resource class.
            </summary>
        </member>
        <member name="P:Sage.Configuration.Internal.Constants.AssemblyNameSprarator">
            <summary>
              Looks up a localized string similar to ,.
            </summary>
        </member>
        <member name="P:Sage.Configuration.Internal.Constants.AssemblyParameter">
            <summary>
              Looks up a localized string similar to assembly.
            </summary>
        </member>
        <member name="P:Sage.Configuration.Internal.Constants.ComponentLibraryExpression">
            <summary>
              Looks up a localized string similar to //ComponentLibrary.
            </summary>
        </member>
        <member name="P:Sage.Configuration.Internal.Constants.DirectoryParameter">
            <summary>
              Looks up a localized string similar to directory.
            </summary>
        </member>
        <member name="P:Sage.Configuration.Internal.Constants.DllExtension">
            <summary>
              Looks up a localized string similar to .dll.
            </summary>
        </member>
        <member name="P:Sage.Configuration.Internal.Constants.DocumentsAndSettingsRedirectFile">
            <summary>
              Looks up a localized string similar to DocumentsRedirect.xml.
            </summary>
        </member>
        <member name="P:Sage.Configuration.Internal.Constants.ExpectedLocationField">
            <summary>
              Looks up a localized string similar to ExpectedLocation.
            </summary>
        </member>
        <member name="P:Sage.Configuration.Internal.Constants.FullNameFormat">
            <summary>
              Looks up a localized string similar to {0}.{1}.
            </summary>
        </member>
        <member name="P:Sage.Configuration.Internal.Constants.LibraryNameAttribute">
            <summary>
              Looks up a localized string similar to Name.
            </summary>
        </member>
        <member name="P:Sage.Configuration.Internal.Constants.LibraryNameField">
            <summary>
              Looks up a localized string similar to LibraryName.
            </summary>
        </member>
        <member name="P:Sage.Configuration.Internal.Constants.LibrarySetAttribute">
            <summary>
              Looks up a localized string similar to LibrarySet.
            </summary>
        </member>
        <member name="P:Sage.Configuration.Internal.Constants.ProgIdField">
            <summary>
              Looks up a localized string similar to ProgId.
            </summary>
        </member>
        <member name="P:Sage.Configuration.Internal.Constants.TypeParameter">
            <summary>
              Looks up a localized string similar to type.
            </summary>
        </member>
        <member name="P:Sage.Configuration.Internal.Constants.VersionAttribute">
            <summary>
              Looks up a localized string similar to Version.
            </summary>
        </member>
        <member name="T:Sage.Configuration.Internal.Strings">
            <summary>
              A strongly-typed resource class, for looking up localized strings, etc.
            </summary>
        </member>
        <member name="P:Sage.Configuration.Internal.Strings.ResourceManager">
            <summary>
              Returns the cached ResourceManager instance used by this class.
            </summary>
        </member>
        <member name="P:Sage.Configuration.Internal.Strings.Culture">
            <summary>
              Overrides the current thread's CurrentUICulture property for all
              resource lookups using this strongly typed resource class.
            </summary>
        </member>
        <member name="P:Sage.Configuration.Internal.Strings.AddSupplementaryResolveDirectoryNullOrEmptyArgument">
            <summary>
              Looks up a localized string similar to An empty or null directory parameter was passed to LibraryManager::AddSupplementaryResolveDirectory. A non-empty or null string must be provided..
            </summary>
        </member>
        <member name="P:Sage.Configuration.Internal.Strings.DirectoryLocationNotFoundErrorFormat">
            <summary>
              Looks up a localized string similar to Either no location was specified in {0} or the location is not a valid location..
            </summary>
        </member>
        <member name="P:Sage.Configuration.Internal.Strings.InitializeLibraryManagerTypeNullError">
            <summary>
              Looks up a localized string similar to A null type pararameter was passed to the InitializeLibraryManager constructor. You must pass a non-null type to this method..
            </summary>
        </member>
        <member name="P:Sage.Configuration.Internal.Strings.location">
            <summary>
              Looks up a localized string similar to .
            </summary>
        </member>
        <member name="P:Sage.Configuration.Internal.Strings.ResolveEmptyOrNullProgIdError">
            <summary>
              Looks up a localized string similar to An empty o null versionIndependentProgId parameter was passed to LibraryManager::ResolveComProgId. A non-empty or null string must be provided..
            </summary>
        </member>
        <member name="P:Sage.Configuration.Internal.Strings.SharedLibraryNotFoundFormat">
            <summary>
              Looks up a localized string similar to A dependent shared library: {0} Version {1}, was not found in the expected location: {2}..
            </summary>
        </member>
        <member name="P:Sage.Configuration.Internal.Strings.TraceFormat">
            <summary>
              Looks up a localized string similar to {0}: {1}.
            </summary>
        </member>
        <member name="P:Sage.Configuration.Internal.Strings.TraceLoadedAssemblyFormat">
            <summary>
              Looks up a localized string similar to Loaded assembly &apos;{0}&apos;..
            </summary>
        </member>
        <member name="P:Sage.Configuration.Internal.Strings.TraceProcessingLibraryRedirectFileFormat">
            <summary>
              Looks up a localized string similar to Processing library redirect file &apos;{0}&apos;. XPath Expression: {1}.
            </summary>
        </member>
        <member name="P:Sage.Configuration.Internal.Strings.TraceResolvedAssemblyFormat">
            <summary>
              Looks up a localized string similar to Resolved &apos;{0}&apos; to &apos;{1}&apos;..
            </summary>
        </member>
        <member name="P:Sage.Configuration.Internal.Strings.TraceSharedLibrariesLocationFormat">
            <summary>
              Looks up a localized string similar to SharedLibrariesLocation is &apos;{0}&apos;..
            </summary>
        </member>
        <member name="P:Sage.Configuration.Internal.Strings.TraceUnableToResolveAssemblyFormat">
            <summary>
              Looks up a localized string similar to Unable to resolve &apos;{0}&apos;..
            </summary>
        </member>
        <member name="P:Sage.Configuration.Internal.Strings.TwoVersionsOfSameLibraryErrorFormat">
            <summary>
              Looks up a localized string similar to Two different versions of the {0} library have been specified. Only one version may be used. Detected versions: {1}, {2}..
            </summary>
        </member>
        <member name="T:Sage.Configuration.LibraryManager">
            <summary>
            The library Manager class is used to support shared component 
            libraries. The library Manager class uses Library Manifest files 
            to provided library dependency validations, assembly location 
            resolutions, and COM ProgId Mappings from version independent 
            ProgIds to version specific ProgIds.
            </summary>
        </member>
        <member name="M:Sage.Configuration.LibraryManager.AddSupplementaryResolveDirectory(System.String)">
            <summary>
            Appends a specific directory to the list of directories which should be explicitly searched when
            trying to resolve an assembly.
            </summary>
            <remarks>
            These supplementary search directories are processed after all standard shared library directories.
            
            No library manifest processing will occur in this location.
            </remarks>
            <param name="directory">The additional directory which should be searched</param>
        </member>
        <member name="M:Sage.Configuration.LibraryManager.ResolveLibraryAssembly(System.Object,System.ResolveEventArgs)">
            <summary>
            Attempt to resolve assembly loads for component lbraries 
            </summary>
            <param name="sender">Current AppDomain</param>
            <param name="args">Event Arguments used to determine what assembly is trying to be resolved</param>
            <returns>The requested assembly if it could be resolved, Null if it could not be resolved</returns>
        </member>
        <member name="M:Sage.Configuration.LibraryManager.ConditionalTrace(System.String,System.Object[])">
            <summary>
            Writes a message to the trace listeners if the "Sage.CRE.LibraryManagement"
            trace switch is enabled.
            </summary>
            <remarks>
            To enable the switch, place the following in the application's exe.config:
            <example>
                <system.diagnostics>
                    <switches>
                        <add name="Sage.CRE.LibraryManagement" value="1" />
                    </switches> 
                </system.diagnostics>
            </example>
            </remarks>
            <param name="format">A String containing zero or more format items.</param>
            <param name="args">An Object array containing zero or more objects to format.</param>
        </member>
        <member name="P:Sage.Configuration.LibraryManager.SharedLibrariesLocation">
            <summary>
            Returns the location where the shared Sage libraries are installed
            </summary>
            <remarks>Although shared libraries are typically expected to be 
            located at "Program Files\Common Files\Sage", an alternate location 
            can be specified via the 'Location' attribute on the 'SharedLibraries' 
            element in a FolderRedirect.xml file at: 
            C:\Documents and Settings\All Users\Application Data\Sage</remarks>
        </member>
        <member name="P:Sage.Configuration.LibraryManager.CommonProgramFiles">
            <summary>
            Returns the location where the shared libraries are installed
            </summary>
            <remarks>Although shared libraries are typically expected to be 
            located at "Program Files\Common Files", an alternate location 
            can be specified via the 'Location' attribute on the 'SharedLibraries' 
            element in a FolderRedirect.xml file at: 
            C:\Documents and Settings\All Users\Application Data\Sage</remarks>
        </member>
        <member name="P:Sage.Configuration.LibraryManager.SharedDocumentsLocation">
            <summary>
            Return the location for shared documents on the current machine
            </summary>
            <remarks>Although this location is typically 
            "C:\Documents and Settings\All Users\Application Data\Shared Documents", 
            an alternate location can be specified via the 'Location' attribute on the 'SharedDocuments'
            element in a FolderRedirect.xml file at: 
            C:\Documents and Settings\All Users\Application Data\Sage</remarks>
        </member>
        <member name="P:Sage.Configuration.LibraryManager.SharedConfigLocation">
            <summary>
            Return the location for configuration files shared by all users on a machine
            </summary>
            <remarks>Although this location is typically 
            "C:\Documents and Settings\All Users\Application Data\Sage", 
            an alternate location can be specified via the 'Location' attribute on the 
            'SharedConfiguration' element in a FolderRedirect.xml file at: 
            C:\Documents and Settings\All Users\Application Data\Sage</remarks>
        </member>
        <member name="P:Sage.Configuration.LibraryManager.UserConfigLocation">
            <summary>
            Base location for configuration files for a specific user on a machine
            </summary>
            <remarks>Although this location is typically 
            "C:\Documents and Settings\[User Name]\Application Data\Sage", 
            an alternate location can be specified via the 'Location' attribute on 
            the 'UserConfigurationBase' element in a FolderRedirect.xml file at: 
            C:\Documents and Settings\All Users\Application Data\Sage</remarks>
        </member>
        <member name="P:Sage.Configuration.LibraryManager.MyDocumentsLocation">
            <summary>
            Return the location for My Documents for a specific user on a machine
            </summary>
            <remarks>Although this location is typically 
            "C:\Documents and Settings\[User Name]\My Documents", 
            an alternate location can be specified via the 'Location' attribute on the 
            'UserConfigurationBase' element in a FolderRedirect.xml file at: 
            C:\Documents and Settings\All Users\Application Data\Sage</remarks>
        </member>
    </members>
</doc>
