<?xml version="1.0"?>
<doc>
    <assembly>
        <name>Sage.CRE.Core.TraceListeners</name>
    </assembly>
    <members>
        <member name="T:Sage.Diagnostics.ConfigSectionData">
            <summary>
            
            </summary>
            <remarks>
            Normally, any change to our configuration settings requires that the application be stopped and restarted.
            We can overcome this by adding a bit of extra functionality to our custom section handler.  It is possible
            to create a custom section handler that detects when the config file is changed.  If this happens, we can
            refresh our settings values by re-reading the custom section from the file.
            
            Note that we cannot change the behavior of the existing .NET section handlers.  This means that any use of
            sections such as &gt;appSettings&lt; or &gt;system.runtime.remoting&lt; will not be affected.  However, we
            can make our own custom sections refresh automatically when the underlying configuration file is changed.
            
            The secret lies in the fact that the .NET Framework caches the object returned from the Create method of
            our section handler.  In our ConfigurationSectionHandler, we parsed the XML in the handler and
            then used the data to load the ConfigSectionData object.  Once the ConfigSectionData object
            was loaded with data, the data became static and unchanging.
            
            To support automatic updating of the data, the XML parsing code is relocated into the data object itself.
            Since it is the data object that is cached by the .NET Framework, it is the only object that remains in
            memory.  If the data object itself parses the XML, then it can also detect when the underlying file is
            changed and can re-read the XML if needed.
            </remarks>
        </member>
        <member name="M:Sage.Diagnostics.ConfigSectionData.IsStackTraceIgnoreTypeName(System.String)">
            <summary>
            Indicates whether the specified type name is among those that the StackTrace should ignore.
            </summary>
            <param name="typeName">the name of the type to test</param>
            <returns>true if the StackTrace should ignore this type; otherwise false</returns>
        </member>
        <member name="P:Sage.Diagnostics.ConfigSectionData.ShowDate">
            <summary>
            Indicates whether date information should be shown.
            </summary>
        </member>
        <member name="P:Sage.Diagnostics.ConfigSectionData.ShowTime">
            <summary>
            Indicates whether time information should be shown.
            </summary>
        </member>
        <member name="P:Sage.Diagnostics.ConfigSectionData.ShowMilliseconds">
            <summary>
            Indicates whether time milliseconds information should be shown.
            </summary>
            <remarks>
            This property has no effect unless ShowTime is true.
            </remarks>
        </member>
        <member name="P:Sage.Diagnostics.ConfigSectionData.Show24Hour">
            <summary>
            Indicates whether time should be shown in 24-hour format.
            </summary>
            <remarks>
            This property has no effect unless ShowTime is true.
            </remarks>
        </member>
        <member name="P:Sage.Diagnostics.ConfigSectionData.ShowProcessId">
            <summary>
            Indicates whether process ID should be shown.
            </summary>
        </member>
        <member name="P:Sage.Diagnostics.ConfigSectionData.ShowThreadId">
            <summary>
            Indicates whether thread ID should be shown.
            </summary>
        </member>
        <member name="P:Sage.Diagnostics.ConfigSectionData.ShowObjectId">
            <summary>
            Indicates whether object ID should be shown.
            </summary>
        </member>
        <member name="P:Sage.Diagnostics.ConfigSectionData.ShowMessageCategory">
            <summary>
            Indicates whether the message category should be shown.
            </summary>
        </member>
        <member name="P:Sage.Diagnostics.ConfigSectionData.ShowTypeName">
            <summary>
            Indicates whether the trace caller's type should be shown.
            </summary>
        </member>
        <member name="P:Sage.Diagnostics.ConfigSectionData.ShowMemberName">
            <summary>
            Indicates whether the trace caller's member context should be shown.
            </summary>
        </member>
        <member name="P:Sage.Diagnostics.ConfigSectionData.ShowMemberSignature">
            <summary>
            Indicates whether the parameter signature of the trace caller's member context should be shown.
            </summary>
            <remarks>
            This property has no effect unless ShowMemberName is true.
            </remarks>
        </member>
        <member name="P:Sage.Diagnostics.ConfigSectionData.ShowAssemblyName">
            <summary>
            Indicates whether the assembly name of the trace caller's context should be shown.
            </summary>
        </member>
        <member name="P:Sage.Diagnostics.ConfigSectionData.ShowFileLocation">
            <summary>
            Indicates whether the file location the trace caller's context should be shown.
            </summary>
        </member>
        <member name="P:Sage.Diagnostics.ConfigSectionData.ShowAppDomainId">
            <summary>
            Indicates whether the id of the current AppDomain should be shown.
            </summary>
        </member>
        <member name="P:Sage.Diagnostics.ConfigSectionData.StackTraceIgnoreTypenames">
            <summary>
            
            </summary>
        </member>
        <member name="T:Sage.Diagnostics.ConfigurationSectionHandler">
            <summary>
            A configuration section handler for Sage.Diagnostics.LogWriterTraceListener and 
            Sage.Diagnostics.DebugOutputWriterTraceListener.
            </summary>
            <remarks>
            This class creates the custom ConfigSectionData object which handles data reloading when the
            config file changes during runtime.
            </remarks>
        </member>
        <member name="M:Sage.Diagnostics.ConfigurationSectionHandler.Create(System.Object,System.Object,System.Xml.XmlNode)">
            <summary>
            Parse the XML of the configuration section.  The returned object is added to the configuration collection and is accessed by GetConfig.
            </summary>
            <param name="parent">The configuration settings in a corresponding parent configuration section. </param>
            <param name="configContext">An HttpConfigurationContext when Create is called from the ASP.NET configuration system. Otherwise, this parameter is reserved and is a null reference (Nothing in Visual Basic). </param>
            <param name="section">The XmlNode that contains the configuration information from the configuration file. Provides direct access to the XML contents of the configuration section. </param>
            <returns>A configuration object.</returns>
        </member>
        <member name="T:Sage.Diagnostics.DebugOutputWriterTraceListener">
            <summary>
            A <see cref="T:System.Diagnostics.TraceListener"/> derivative which writes output via the OutputDebugString API.
            </summary>
            <remarks>
            This class provides services to automatically add contextual details to messages written using
            System.Diagnostics.Trace.
            </remarks>
        </member>
        <member name="M:Sage.Diagnostics.DebugOutputWriterTraceListener.#ctor">
            <summary>
            Initializes a new instance of the DebugOutputWriterTraceListener.
            </summary>
        </member>
        <member name="M:Sage.Diagnostics.DebugOutputWriterTraceListener.Write(System.String)">
            <summary>
            Writes a message to the listener.
            </summary>
            <param name="message">The message to write to the OutputDebugString.</param>
        </member>
        <member name="M:Sage.Diagnostics.DebugOutputWriterTraceListener.WriteLine(System.String)">
            <summary>
            Writes the output to the OutputDebugString method followed by a carriage return and a line feed (\r\n).
            </summary>
            <param name="message">The message to write to the OutputDebugString.</param>
        </member>
        <member name="T:Sage.Diagnostics.TextFileWriterTraceListener">
            <summary>
            A <see cref="T:System.Diagnostics.TraceListener"/> derivative which writes output to a textual log file.
            </summary>
            <remarks>
            This class provides services to automatically add contextual details to messages written using
            System.Diagnostics.Trace.
            </remarks>
        </member>
        <member name="M:Sage.Diagnostics.TextFileWriterTraceListener.#ctor(System.IO.Stream,System.String)">
            <summary>
            Initializes a new instance of the TextFileWriterTraceListener class with the specified name, using the stream as the recipient of the debugging and tracing output.
            </summary>
            <param name="stream">A Stream that represents the stream the TextFileWriterTraceListener writes to.</param>
            <param name="name">The name of the new instance.</param>
        </member>
        <member name="M:Sage.Diagnostics.TextFileWriterTraceListener.#ctor(System.IO.Stream)">
            <summary>
            Initializes a new instance of the TextFileWriterTraceListener class, using the stream as the recipient of the debugging and tracing output.
            </summary>
            <param name="stream">A Stream that represents the stream the TextFileWriterTraceListener writes to. </param>
        </member>
        <member name="M:Sage.Diagnostics.TextFileWriterTraceListener.#ctor(System.String,System.String)">
            <summary>
            Initializes a new instance of the TextFileWriterTraceListener class with the specified name, using the file as the recipient of the debugging and tracing output.
            </summary>
            <param name="fileName">The name of the file the TextFileWriterTraceListener writes to. </param>
            <param name="name">The name of the new instance. </param>
        </member>
        <member name="M:Sage.Diagnostics.TextFileWriterTraceListener.#ctor(System.String)">
            <summary>
            Initializes a new instance of the TextFileWriterTraceListener class, using the file as the recipient of the debugging and tracing output.
            </summary>
            <param name="fileName">The name of the file the TextFileWriterTraceListener writes to.</param>
        </member>
        <member name="M:Sage.Diagnostics.TextFileWriterTraceListener.#ctor(System.IO.TextWriter,System.String)">
            <summary>
            Initializes a new instance of the TextFileWriterTraceListener class with the specified name, using the specified writer as recipient of the tracing or debugging output.
            </summary>
            <param name="writer">A TextWriter that receives the output from the TextFileWriterTraceListener. </param>
            <param name="name">The name of the new instance. </param>
        </member>
        <member name="M:Sage.Diagnostics.TextFileWriterTraceListener.#ctor(System.IO.TextWriter)">
            <summary>
            Initializes a new instance of the TextFileWriterTraceListener class using the specified writer as recipient of the tracing or debugging output.
            </summary>
            <param name="writer">A TextWriter that receives the output from the TextFileWriterTraceListener.</param>
        </member>
        <member name="M:Sage.Diagnostics.TextFileWriterTraceListener.Write(System.String)">
            <summary>
            Writes a message to the listener.
            </summary>
            <param name="message">The message to write to the text file.</param>
        </member>
        <member name="M:Sage.Diagnostics.TextFileWriterTraceListener.WriteLine(System.String)">
            <summary>
            Writes the output to the OutputDebugString method followed by a carriage return and a line feed (\r\n).
            </summary>
            <param name="message">The message to write to the text file.</param>
        </member>
        <member name="T:Sage.Diagnostics.TraceMessageHelper">
            <summary>
            A helper class which is used by multiple listeners to construct the final message that will be traced.
            </summary>
        </member>
        <member name="M:Sage.Diagnostics.TraceMessageHelper.#ctor">
            <summary>
            Private default constructor to prevent instantiation of static class.
            </summary>
        </member>
        <member name="M:Sage.Diagnostics.TraceMessageHelper.ComposeMessage(System.String,Sage.Diagnostics.ConfigSectionData,System.Diagnostics.StackTrace)">
            <summary>
            Create the final trace message that contains additional contextual information.
            </summary>
            <param name="messageBuilder">an object that will be used to return the final trace message result</param>
            <param name="messageData">a string representation of the encoded message data (written by Sage.Diagnostics.TraceMesageDataWriter)</param>
            <param name="configData">the configuration data that contains the current flags and options state</param>
            <param name="stackTrace">the stack trace of the call</param>
        </member>
    </members>
</doc>
