<?xml version="1.0"?>
<doc>
    <assembly>
        <name>Sage.CRE.Core.SQL</name>
    </assembly>
    <members>
        <member name="T:Sage.CRE.Core.SQL.AttachDatabase">
            <summary>Attaches a database from a MDF/LDF file set using the Reversible Action pattern.
            The construction of a AttachDatabase object will attach the specified database from the specified files.
            If the object is disposed without calling the Commit() method, then the newly attached database will be detached.
            </summary>
        </member>
        <member name="M:Sage.CRE.Core.SQL.AttachDatabase.Attach(Sage.CRE.Core.SQL.SqlConnectionContext,System.String,System.String)">
            <summary>
            Attaches a MDF/LDF file set to a database.
            The MDF and LDF files are first copied to the specified database server's default database file location.
            </summary>
            <param name="context">The database server that the MDF and LDF files will be attached to.</param>
            <param name="mdf">The MDF file to attach.</param>
            <param name="ldf">(Optional) The LDF file to attach.</param>
            <returns>True, if the attachment was successfull.</returns>
        </member>
        <member name="M:Sage.CRE.Core.SQL.AttachDatabase.#ctor(Sage.CRE.Core.SQL.SqlConnectionContext,System.String,System.String)">
            <summary>Creates the AttachDatabase object
            </summary>
            <param name="context">The context of the datbase to create.</param>
            <param name="mdf"></param>
            <param name="ldf"></param>
        </member>
        <member name="M:Sage.CRE.Core.SQL.AttachDatabase.Forward">
            <summary>Attaches the database.
            </summary>
        </member>
        <member name="M:Sage.CRE.Core.SQL.AttachDatabase.Reverse">
            <summary>Reverses the attachment of the database.
            </summary>
        </member>
        <member name="T:Sage.CRE.Core.SQL.CopyDatabase">
            <summary>
            Copies a database using the reversible action pattern.
            </summary>
        </member>
        <member name="M:Sage.CRE.Core.SQL.CopyDatabase.#ctor(Sage.CRE.Core.SQL.SqlConnectionContext,System.String)">
            <summary>
            Copies a database within a SQL Server.
            </summary>
            <param name="context">The source database context.</param>
            <param name="destinationDatabase">The name of the destination database.</param>
        </member>
        <member name="M:Sage.CRE.Core.SQL.CopyDatabase.Forward">
            <summary>
            Copies the database.
            </summary>
        </member>
        <member name="M:Sage.CRE.Core.SQL.CopyDatabase.Reverse">
            <summary>
            Un-copies the database.
            </summary>
        </member>
        <member name="T:Sage.CRE.Core.SQL.CreateDatabase">
            <summary>Creates a database using the reverible action pattern.
            The construction of a CreateDatabase object will create the database specified.
            If the object is disposed without calling the Commit() method, then the newly created database will be deleted.
            </summary>
        </member>
        <member name="M:Sage.CRE.Core.SQL.CreateDatabase.Create(Sage.CRE.Core.SQL.SqlConnectionContext,System.String)">
            <summary>
            Creates a database.
            </summary>
            <param name="context">The context of the database to create.</param>
            <param name="sql">A sql files to run against the new database</param>
        </member>
        <member name="M:Sage.CRE.Core.SQL.CreateDatabase.#ctor(Sage.CRE.Core.SQL.SqlConnectionContext,System.String,System.String)">
            <summary>Creates a database using the reverible action pattern.
            The construction of a CreateDatabase object will create the database specified.
            If the object is disposed without calling the Commit() method, then the newly created database will be deleted.
            </summary>
            <param name="context">The context of the database to create.</param>
            <param name="dataPath">The file system path where the MDF file will be stored.</param>
            <param name="logPath">The file system path where the LDF file will be stored.</param>
        </member>
        <member name="M:Sage.CRE.Core.SQL.CreateDatabase.Forward">
            <summary>Creates the database.
            </summary>
        </member>
        <member name="M:Sage.CRE.Core.SQL.CreateDatabase.Reverse">
            <summary>Drops the newly created database
            </summary>
        </member>
        <member name="T:Sage.CRE.Core.SQL.DeleteDatabase">
            <summary>Deletes a database using the reverible action pattern.
            The construction of a DeleteDatabase object will rename the database specified.
            If the object is disposed without calling the Commit() method, then the database will have it's orginal name.
            </summary>
        </member>
        <member name="M:Sage.CRE.Core.SQL.DeleteDatabase.#ctor(Sage.CRE.Core.SQL.SqlConnectionContext)">
            <summary>Deletes a database using the reverible action pattern.
            The construction of a DeleteDatabase object will create the database specified.
            If the object is disposed without calling the Commit() method, then the newly created database will be deleted.
            </summary>
            <param name="context">The database context</param>
        </member>
        <member name="M:Sage.CRE.Core.SQL.DeleteDatabase.Forward">
            <summary>Creates the database.
            </summary>
        </member>
        <member name="M:Sage.CRE.Core.SQL.DeleteDatabase.Reverse">
            <summary>Drops the newly created database
            </summary>
        </member>
        <member name="M:Sage.CRE.Core.SQL.DeleteDatabase.Commit">
            <summary>
            Completes the deletion on the database.
            </summary>
        </member>
        <member name="T:Sage.CRE.Core.SQL.DetachDatabase">
            <summary>Detaches a database from a MDF/LDF file set using the Reversible Action pattern
            The construction of a DetachDatabase object will Detach the specified database from the specified files.
            If the object is disposed without calling the Commit() method, then the newly Detached database will be detached.
            </summary>
        </member>
        <member name="M:Sage.CRE.Core.SQL.DetachDatabase.Detach(Sage.CRE.Core.SQL.SqlConnectionContext,System.String)">
            <summary>
            Detaches a database and copies the MDF and LDF files to the 
            </summary>
            <param name="context">The database to detach.</param>
            <param name="directory">Where to put the MDF and LDF files.</param>
            <returns></returns>
        </member>
        <member name="M:Sage.CRE.Core.SQL.DetachDatabase.#ctor(Sage.CRE.Core.SQL.SqlConnectionContext)">
            <summary>Creates the DetachDatabase object
            </summary>
            <param name="context">The database to detach.</param>
        </member>
        <member name="M:Sage.CRE.Core.SQL.DetachDatabase.Forward">
            <summary>Detaches the database.
            </summary>
        </member>
        <member name="M:Sage.CRE.Core.SQL.DetachDatabase.Reverse">
            <summary>Reverses the Detachment of the database.
            </summary>
        </member>
        <member name="P:Sage.CRE.Core.SQL.DetachDatabase.MDF">
            <summary>
            The MDF filename of the detached database.
            </summary>
        </member>
        <member name="P:Sage.CRE.Core.SQL.DetachDatabase.LDF">
            <summary>
            The LDF filename of the detached database.
            </summary>
        </member>
        <member name="T:Sage.CRE.Core.SQL.IExecuteScriptProgress">
            <summary>
            A class which displays a progess bar that needs to be updated while the database is being created
            should implement this interface. After each script is processed PerformStep will be called.
            </summary>
        </member>
        <member name="M:Sage.CRE.Core.SQL.IExecuteScriptProgress.PerformStep">
            <summary>
            Call this method once a 'step' in the process has been completed.
            </summary>
        </member>
        <member name="T:Sage.CRE.Core.SQL.Mutex">
            <summary>
            
            </summary>
        </member>
        <member name="M:Sage.CRE.Core.SQL.Mutex.#ctor(Sage.CRE.Core.SQL.SqlConnectionContext,System.String,Sage.CRE.Core.SQL.Mutex.LockLevel,System.Boolean)">
            <summary>
            
            </summary>
            <param name="context"></param>
            <param name="name"></param>
            <param name="level"></param>
            <param name="acquire"></param>
        </member>
        <member name="M:Sage.CRE.Core.SQL.Mutex.#ctor(Sage.CRE.Core.SQL.SqlConnectionContext,System.String,Sage.CRE.Core.SQL.Mutex.LockLevel,System.Boolean,System.String)">
            <summary>
            
            </summary>
            <param name="context"></param>
            <param name="name"></param>
            <param name="level"></param>
            <param name="acquire"></param>
            <param name="schema"></param>
        </member>
        <member name="M:Sage.CRE.Core.SQL.Mutex.Acquire">
            <summary>
            
            </summary>
        </member>
        <member name="M:Sage.CRE.Core.SQL.Mutex.Release">
            <summary>
            
            </summary>
        </member>
        <member name="M:Sage.CRE.Core.SQL.Mutex.Exists">
            <summary>
            
            </summary>
            <returns></returns>
        </member>
        <member name="M:Sage.CRE.Core.SQL.Mutex.Dispose">
            <summary>
            
            </summary>
        </member>
        <member name="T:Sage.CRE.Core.SQL.Mutex.LockLevel">
            <summary>
            
            </summary>
        </member>
        <member name="F:Sage.CRE.Core.SQL.Mutex.LockLevel.Global">
            <summary>
            
            </summary>
            <remarks>
            This is default value the runtime automatically initializes any LockLevel instance to
            </remarks>
        </member>
        <member name="F:Sage.CRE.Core.SQL.Mutex.LockLevel.Domain">
            <summary>
            
            </summary>
        </member>
        <member name="F:Sage.CRE.Core.SQL.Mutex.LockLevel.Machine">
            <summary>
            
            </summary>
        </member>
        <member name="F:Sage.CRE.Core.SQL.Mutex.LockLevel.Application">
            <summary>
            
            </summary>
        </member>
        <member name="F:Sage.CRE.Core.SQL.Mutex.LockLevel.User">
            <summary>
            
            </summary>
        </member>
        <member name="F:Sage.CRE.Core.SQL.Mutex.LockLevel.SQLConnection">
            <summary>
            
            </summary>
        </member>
        <member name="T:Sage.CRE.Core.SQL.RenameDatabase">
            <summary>Renames a database using the ReversibleAction pattern.
            </summary>
        </member>
        <member name="M:Sage.CRE.Core.SQL.RenameDatabase.#ctor(Sage.CRE.Core.SQL.SqlConnectionContext)">
            <summary>Constructs a DatabaseRename object.
            </summary>
            <param name="context">The database to rename.</param>
        </member>
        <member name="M:Sage.CRE.Core.SQL.RenameDatabase.#ctor(Sage.CRE.Core.SQL.SqlConnectionContext,System.String)">
            <summary>Constructs a database rename object that will rename the database to the specified name.
            </summary>
            <param name="context">The original name of the database.</param>
            <param name="newName">The new name of the database.</param>
        </member>
        <member name="M:Sage.CRE.Core.SQL.RenameDatabase.Forward">
            <summary>Renames the database.
            </summary>
        </member>
        <member name="M:Sage.CRE.Core.SQL.RenameDatabase.Reverse">
            <summary>Reversing the renaming of the database.
            </summary>
        </member>
        <member name="M:Sage.CRE.Core.SQL.RenameDatabase.SuggestName(Sage.CRE.Core.SQL.SqlConnectionContext)">
            <summary>Suggest a name for the rename process.
            </summary>
            <returns></returns>
        </member>
        <member name="M:Sage.CRE.Core.SQL.RenameDatabase.ReplaceNTFSReserved(System.String)">
            <summary>Removed characters reserved by NTFS.
            </summary>
            <param name="input"></param>
            <returns></returns>
        </member>
        <member name="T:Sage.CRE.Core.SQL.SqlCommands">
            <summary>
            Statis SQL methods
            </summary>
        </member>
        <member name="F:Sage.CRE.Core.SQL.SqlCommands.SqlCommandDelimiter">
            <summary>/nGO/n
            </summary>
        </member>
        <member name="M:Sage.CRE.Core.SQL.SqlCommands.GetServerVersionString(Sage.CRE.Core.SQL.SqlConnectionContext)">
            <summary>
            Returns the result of "SELECT @@VERSION" for the specified database.
            </summary>
            <param name="context"></param>
            <returns></returns>
        </member>
        <member name="M:Sage.CRE.Core.SQL.SqlCommands.EnsureDatabaseConnection(Sage.CRE.Core.SQL.SqlConnectionContext)">
            <summary>
            throws a very informative error has to why you can't connect to a database.
            </summary>
            <param name="context"></param>
        </member>
        <member name="M:Sage.CRE.Core.SQL.SqlCommands.IsMixedModeSecurity(Sage.CRE.Core.SQL.SqlConnectionContext)">
            <summary>
            Is the server configured for mixed mode security.
            </summary>
            <param name="context">The database in question.</param>
            <returns></returns>
        </member>
        <member name="M:Sage.CRE.Core.SQL.SqlCommands.RenameDatabase(Sage.CRE.Core.SQL.SqlConnectionContext,System.String,System.Boolean)">
            <summary>
            Renames an existing database.
            </summary>
            <param name="context">The database to rename.</param>
            <param name="proposedName">The proposed new name for the database</param>
            <param name="dropConnections">Should we forcible drop existing connections and transactions</param>
            <returns></returns>
        </member>
        <member name="M:Sage.CRE.Core.SQL.SqlCommands.RenameDatabase(Sage.CRE.Core.SQL.SqlConnectionContext,System.String)">
            <summary>
            Rename a database without dropping existing transactions within that database.
            </summary>
            <param name="context">The database to rename.</param>
            <param name="proposedName">The proposed name for the database.</param>
            <returns></returns>
        </member>
        <member name="M:Sage.CRE.Core.SQL.SqlCommands.IsDatabaseReady(Sage.CRE.Core.SQL.SqlConnectionContext,System.Int32)">
            <summary>
            Is a database ready?
            </summary>
            <param name="context">The context for the server.</param>
            <param name="retryCount">How many retries (each one waits a second), before we admit failure.</param>
            <returns>If the database is ready.</returns>
        </member>
        <member name="M:Sage.CRE.Core.SQL.SqlCommands.DatabaseExists(Sage.CRE.Core.SQL.SqlConnectionContext)">
            <summary>Returns whether athe specified datbase exists (or at least will accept connections from this user).
            </summary>
            <param name="context">The database in question.</param>
            <returns></returns>
        </member>
        <member name="M:Sage.CRE.Core.SQL.SqlCommands.SelectScalar(Sage.CRE.Core.SQL.SqlConnectionContext,System.String)">
            <summary>
            Returns a scalar value from the database.
            </summary>
            <param name="context">Teh database to execute the query against.</param>
            <param name="script">The command to execute.</param>
            <returns></returns>
        </member>
        <member name="M:Sage.CRE.Core.SQL.SqlCommands.SelectDataTable(Sage.CRE.Core.SQL.SqlConnectionContext,System.String)">
            <summary>Selects a datatable from the specified server\database using the specified Transact-SQL command
            </summary>
            <param name="context">The context of the database to execute the query against.</param>
            <param name="script">The Transact-SQL script that returns rows into the DataTable</param>
            <returns></returns>
        </member>
        <member name="M:Sage.CRE.Core.SQL.SqlCommands.ExecuteScriptNoTransaction(Sage.CRE.Core.SQL.SqlConnectionContext,System.String)">
            <summary>Executes a scripts that doesn't return rows, without wrapping the script in an execution.
            This is usefull for DDL and database modification command (which cannot be within transaction), e.g. "ALTER DATABASE"
            </summary>
            <param name="context">The database context.</param>
            <param name="script">The Transact-SQL script (or command) to execute.</param>
            <returns>The number of row effected by the commands in the script.</returns>
        </member>
        <member name="M:Sage.CRE.Core.SQL.SqlCommands.ExecuteScriptNoTransaction(Sage.CRE.Core.SQL.SqlConnectionContext,System.String,Sage.CRE.Core.SQL.IExecuteScriptProgress)">
            <summary>Executes a scripts that doesn't return rows, without wrapping the script in an execution.
            This is usefull for DDL and database modification command (which cannot be within transaction), e.g. "ALTER DATABASE"
            </summary>
            <param name="context">The database context.</param>
            <param name="script">The Transact-SQL script (or command) to execute.</param>
            <param name="updateProgress">The interface to use to update progress while executing the commands in the script</param>
            <returns>The number of row effected by the commands in the script.</returns>
        </member>
        <member name="M:Sage.CRE.Core.SQL.SqlCommands.SetDatabaseVersionNumber(Sage.CRE.Core.SQL.SqlConnectionContext,System.Int32,System.Int32)">
            <summary>
            Sets and extended property on the database called "DatabaseVersion" to the value sepcified.
            </summary>
            <param name="context">The database context.</param>
            <param name="major">The major version number.</param>
            <param name="minor">The minor version number.</param>
        </member>
        <member name="M:Sage.CRE.Core.SQL.SqlCommands.GetDatabaseMajorVersionNumber(Sage.CRE.Core.SQL.SqlConnectionContext)">
            <summary>
            Gets an extended property from the database called DatabaseMajorVersion.
            </summary>
            <param name="context">The database context.</param>
            <returns></returns>
        </member>
        <member name="M:Sage.CRE.Core.SQL.SqlCommands.GetDatabaseMinorVersionNumber(Sage.CRE.Core.SQL.SqlConnectionContext)">
            <summary>
            Gets an extended property from the database called DatabaseMinorVersion.
            </summary>
            <param name="context">The database context.</param>
            <returns></returns>
        </member>
        <member name="M:Sage.CRE.Core.SQL.SqlCommands.SetDatabaseExtendedProperty(Sage.CRE.Core.SQL.SqlConnectionContext,System.String,System.String)">
            <summary>
            Sets an extended property on the database to the value specified.
            </summary>
            <param name="context">The database context.</param>
            <param name="propertyName">The property name.</param>
            <param name="propertyValue">The properties value.</param>
        </member>
        <member name="M:Sage.CRE.Core.SQL.SqlCommands.SetDatabaseExtendedProperty(Sage.CRE.Core.SQL.SqlConnectionContext,System.String,System.Int32)">
            <summary>
            Sets an extanded integer property on the the database to the value specified.
            </summary>
            <param name="context">the database context.</param>
            <param name="propertyName">The name of the property to set.</param>
            <param name="propertyValue">The integer value for the property.</param>
        </member>
        <member name="M:Sage.CRE.Core.SQL.SqlCommands.SetDataSetName(Sage.CRE.Core.SQL.SqlConnectionContext,System.String)">
            <summary>
            Sets the dataset name.
            </summary>
            <param name="context"></param>
            <param name="dataSetName"></param>
        </member>
        <member name="M:Sage.CRE.Core.SQL.SqlCommands.GetDatabaseExtendedProperty(Sage.CRE.Core.SQL.SqlConnectionContext,System.String)">
            <summary>
            Gets an extended property from the database.
            </summary>
            <param name="context"></param>
            <param name="propertyName"></param>
            <returns></returns>
        </member>
        <member name="M:Sage.CRE.Core.SQL.SqlCommands.GetOldDatabases(Sage.CRE.Core.SQL.SqlConnectionContext,System.String,System.Int32)">
            <summary>Gets a list of any old database whose name starts with the databasePattern string.
            </summary>
            <param name="context">The context of the database.</param>
            <param name="databasePattern">The pattern to look for</param>
            <param name="keepCount">how many to keep.</param>
        </member>
        <member name="M:Sage.CRE.Core.SQL.SqlCommands.DeleteOldDatabases(Sage.CRE.Core.SQL.SqlConnectionContext,System.String,System.Int32)">
            <summary>Deletes any old database whose name starts with the databasePattern string.
            </summary>
            <param name="context">The database context.</param>
            <param name="databasePattern"></param>
            <param name="keepCount"></param>
        </member>
        <member name="M:Sage.CRE.Core.SQL.SqlCommands.CreateLogin(Sage.CRE.Core.SQL.SqlConnectionContext,System.String,System.String,System.String)">
            <summary>Creates a database login with an optional password
            </summary>
            <param name="context">The database server.</param>
            <param name="login">The login to create.</param>
            <param name="password">An optional password. Set to null for no password.</param>
            <param name="defaultDatabase">The default database for the new login.</param>
        </member>
        <member name="M:Sage.CRE.Core.SQL.SqlCommands.CreateDatabase(Sage.CRE.Core.SQL.SqlConnectionContext,System.String,System.String)">
            <summary>Creates a new database
            </summary>
            <param name="context">The datbase server.</param>
            <param name="dataFile">The full file name of the MDF file to create.</param>
            <param name="logFile">The full file name of the LDF file to create.</param>
        </member>
        <member name="M:Sage.CRE.Core.SQL.SqlCommands.SimpleModeRecovery(Sage.CRE.Core.SQL.SqlConnectionContext)">
            <summary>
            Sets the database into Simple mode recovery.
            </summary>
            <param name="context"></param>
        </member>
        <member name="M:Sage.CRE.Core.SQL.SqlCommands.DropDatabase(Sage.CRE.Core.SQL.SqlConnectionContext,System.Boolean)">
            <summary>Drops an existing database.
            </summary>
            <param name="context">The datbase server.</param>
            <param name="force">Force the </param>
        </member>
        <member name="M:Sage.CRE.Core.SQL.SqlCommands.GetPreviousDatabaseVersions(Sage.CRE.Core.SQL.SqlConnectionContext)">
            <summary>
            Gets the previous versions of a database.
            </summary>
            <param name="context"></param>
            <returns></returns>
        </member>
        <member name="M:Sage.CRE.Core.SQL.SqlCommands.SingleUser(Sage.CRE.Core.SQL.SqlConnectionContext)">
            <summary>Sets the specified database into single user mode.
            </summary>
            <param name="context">The datbase server.</param>
        </member>
        <member name="M:Sage.CRE.Core.SQL.SqlCommands.MultiUser(Sage.CRE.Core.SQL.SqlConnectionContext)">
            <summary>Set the specified database into multi user mode
            </summary>
            <param name="context"></param>
        </member>
        <member name="M:Sage.CRE.Core.SQL.SqlCommands.DetachDatabase(Sage.CRE.Core.SQL.SqlConnectionContext,System.Boolean)">
            <summary>Detach the database from the server.
            </summary>
            <param name="context">The datbase server.</param>
            <param name="force">If set to true, the database will be forced into single user mode before it is detached.</param>
        </member>
        <member name="M:Sage.CRE.Core.SQL.SqlCommands.AttachDatabase(Sage.CRE.Core.SQL.SqlConnectionContext,System.String,System.String)">
            <summary>Attaches a database from a given MDF and LDF file.
            </summary>
            <param name="context">The datbase server.</param>
            <param name="mdf">The full file name of the MDF file.</param>
            <param name="ldf">The full file name of the LDF file.</param>
        </member>
        <member name="M:Sage.CRE.Core.SQL.SqlCommands.GetDefaultFileLocations(Sage.CRE.Core.SQL.SqlConnectionContext,System.String@,System.String@)">
            <summary>Asks SQL server for the default locations for new MDF and LDF files.
            </summary>
            <param name="context">The datbase server.</param>
            <param name="data">The default directory for new MDF files.</param>
            <param name="log">The defaults directory for new LDF files.</param>
        </member>
        <member name="M:Sage.CRE.Core.SQL.SqlCommands.IsParameterSniffingDisabled(Sage.CRE.Core.SQL.SqlConnectionContext)">
            <summary>
            Returns whether parameter sniffing has been disabled
            </summary>
            <param name="context">The database to test</param>
            <returns></returns>
        </member>
        <member name="M:Sage.CRE.Core.SQL.SqlCommands.IsUnfinalizedMigration(Sage.CRE.Core.SQL.SqlConnectionContext)">
            <summary>
            Returns whether we have a database that has been migrated but is not finalized (i.e. 
            temporary indeces, sprocs, functions, etc. have not been torn out after migration was completed).
            If this is not migrated data, or if it is but finalize has properly been run, this method returns false.
            </summary>
            <param name="context">The database to test</param>
            <returns>true if this is a migrated database that was not finalized in the Data Migration Assistant, otherwise false</returns>
        </member>
        <member name="M:Sage.CRE.Core.SQL.SqlCommands.MigrationInfoTableExists(Sage.CRE.Core.SQL.SqlConnectionContext)">
            <summary>
            Determines whether this is a migrated database by checking to see if the Migration.MigrationInfo
            table exists in the system.
            </summary>
            <param name="context"></param>
            <returns></returns>
        </member>
        <member name="M:Sage.CRE.Core.SQL.SqlCommands.GetBuildDateTime(Sage.CRE.Core.SQL.SqlConnectionContext)">
            <summary>
            Gets the data/time when the database was built.
            </summary>
            <param name="context"></param>
            <returns></returns>
        </member>
        <member name="M:Sage.CRE.Core.SQL.SqlCommands.RemoveWithNoCheck(System.String)">
            <summary>
            Remove " WITH NOCHECK" from a file.
            </summary>
            <param name="filename"></param>
        </member>
        <member name="M:Sage.CRE.Core.SQL.SqlCommands.GetDatabases(Sage.CRE.Core.SQL.SqlConnectionContext)">
            <summary>
            Gets a list of database.
            </summary>
            <param name="context"></param>
            <returns></returns>
        </member>
        <member name="T:Sage.CRE.Core.SQL.SqlConnectionContext">
            <summary>
            Describes a connection to a SQL server.
            </summary>
        </member>
        <member name="M:Sage.CRE.Core.SQL.SqlConnectionContext.#ctor">
            <summary>
            Default ctor.
            </summary>
        </member>
        <member name="M:Sage.CRE.Core.SQL.SqlConnectionContext.#ctor(System.Data.SqlClient.SqlConnectionStringBuilder)">
            <summary>
            Creates a SqlConntectionContext from a SqlConnectionStringBuilder.
            </summary>
            <param name="connectionStringBuilder"></param>
        </member>
        <member name="M:Sage.CRE.Core.SQL.SqlConnectionContext.#ctor(System.String)">
            <summary>
            Creates a SqlConntectionContext from jsut a server name.
            </summary>
            <param name="serverInstance">The server instance.</param>
        </member>
        <member name="M:Sage.CRE.Core.SQL.SqlConnectionContext.#ctor(System.String,System.String)">
            <summary>
            Creates a context based on a host and database name.
            </summary>
            <param name="host"></param>
            <param name="database"></param>
        </member>
        <member name="M:Sage.CRE.Core.SQL.SqlConnectionContext.#ctor(System.String,System.String,System.String,System.String)">
            <summary>
            Creates a context based on a host, database, userID, and password.
            </summary>
            <param name="host"></param>
            <param name="database"></param>
            <param name="userID"></param>
            <param name="password"></param>
        </member>
        <member name="M:Sage.CRE.Core.SQL.SqlConnectionContext.#ctor(System.String,System.Int32,System.String)">
            <summary>
            Creates a context based on a host, tcp port, and database.
            </summary>
            <param name="host"></param>
            <param name="port"></param>
            <param name="database"></param>
        </member>
        <member name="M:Sage.CRE.Core.SQL.SqlConnectionContext.#ctor(System.String,System.Int32,System.String,System.String,System.String)">
            <summary>
            Creates a context based on a host, port, database, userID, and password.
            </summary>
            <param name="host"></param>
            <param name="port"></param>
            <param name="database"></param>
            <param name="userID"></param>
            <param name="password"></param>
        </member>
        <member name="M:Sage.CRE.Core.SQL.SqlConnectionContext.#ctor(System.String,System.String,System.String)">
            <summary>
            Creates a context based on a host, instance name, and database name.
            </summary>
            <param name="host"></param>
            <param name="instance"></param>
            <param name="database"></param>
        </member>
        <member name="M:Sage.CRE.Core.SQL.SqlConnectionContext.#ctor(System.String,System.String,System.String,System.String,System.String)">
            <summary>
            Creates a context based on host, instance name, database, userID, and password.
            </summary>
            <param name="host"></param>
            <param name="instance"></param>
            <param name="database"></param>
            <param name="userID"></param>
            <param name="password"></param>
        </member>
        <member name="M:Sage.CRE.Core.SQL.SqlConnectionContext.#ctor(System.String,System.Int32,System.String,System.String)">
            <summary>
            Creates a context based on host, port, instance, and database.
            </summary>
            <param name="host"></param>
            <param name="port"></param>
            <param name="instance"></param>
            <param name="database"></param>
        </member>
        <member name="M:Sage.CRE.Core.SQL.SqlConnectionContext.#ctor(System.String,System.Int32,System.String,System.String,System.String,System.String)">
            <summary>
            Creates a context based on host, port, instance, database, userID, password.
            </summary>
            <param name="host"></param>
            <param name="port"></param>
            <param name="instance"></param>
            <param name="database"></param>
            <param name="userID"></param>
            <param name="password"></param>
        </member>
        <member name="M:Sage.CRE.Core.SQL.SqlConnectionContext.Clone">
            <summary>
            Clones the SqlConnectionContext object.
            </summary>
            <returns></returns>
        </member>
        <member name="P:Sage.CRE.Core.SQL.SqlConnectionContext.Application">
            <summary>
            Gets or sets the application name of the context.
            </summary>
        </member>
        <member name="P:Sage.CRE.Core.SQL.SqlConnectionContext.DataSource">
            <summary>
            Gets or sets the address of the SQL server.
            </summary>
        </member>
        <member name="P:Sage.CRE.Core.SQL.SqlConnectionContext.InitialCatalog">
            <summary>
            Gets or Sets the InitialCatalog of the context.
            </summary>
        </member>
        <member name="P:Sage.CRE.Core.SQL.SqlConnectionContext.IntegratedSecurity">
            <summary>
            Gets or sets whether Integrated Securty (NTLM, SSPI) should be used to authenticated against the SQL server.
            </summary>
        </member>
        <member name="P:Sage.CRE.Core.SQL.SqlConnectionContext.Password">
            <summary>
            Gets or sets the password used to authenticate against the SQL server.
            </summary>
        </member>
        <member name="P:Sage.CRE.Core.SQL.SqlConnectionContext.UserID">
            <summary>
            Gets or sets the user id used to authentication against the SQL server.
            </summary>
        </member>
        <member name="P:Sage.CRE.Core.SQL.SqlConnectionContext.ConnectionString">
            <summary>
            Gets a properly formated connection string.
            </summary>
        </member>
        <member name="T:Sage.CRE.Core.SQL.SqlServerAddress">
            <summary>
            Encapsulates a SQL server address.
            Note that the protocol has been forced to TCP.
            </summary>
        </member>
        <member name="M:Sage.CRE.Core.SQL.SqlServerAddress.Clone">
            <summary>
            Creates a clone of the object.
            </summary>
            <returns></returns>
        </member>
        <member name="P:Sage.CRE.Core.SQL.SqlServerAddress.Host">
            <summary>
            Gets or sets the host address of the SQL server.
            The host address must be DNS resolvable.
            </summary>
        </member>
        <member name="P:Sage.CRE.Core.SQL.SqlServerAddress.InstanceName">
            <summary>
            Gets or sets the SQL server instance name.
            </summary>
        </member>
        <member name="P:Sage.CRE.Core.SQL.SqlServerAddress.Port">
            <summary>
            Gets or sets the SQL servers TCP port.
            </summary>
        </member>
        <member name="P:Sage.CRE.Core.SQL.SqlServerAddress.DataSource">
            <summary>
            Gets a properly formatted string for this SQL Server's data source.
            </summary>
        </member>
        <member name="T:Sage.CRE.Core.SQL.SqlServerInfo">
            <summary>
            Infomration about a SQL server found on the network.
            </summary>
        </member>
        <member name="F:Sage.CRE.Core.SQL.SqlServerInfo.MinimumRequiredSQLServerVersion">
            <summary>
            The minimum version of MS SQL Server required by our product.
            </summary>
        </member>
        <member name="M:Sage.CRE.Core.SQL.SqlServerInfo.EnumerationServers">
            <summary>Enumerates the valid SQL servers on the network using UDP.
            </summary>
            <returns>A possibly incomplete list of valid SQL servers on the network.</returns>
        </member>
        <member name="M:Sage.CRE.Core.SQL.SqlServerInfo.EnumerationServers(System.String)">
            <summary>Enumerates the SQL servers on the network.
            Note that this method cannot always return the complete list.
            It relies of UDP to contact SQL servers on port 1434.
            </summary>
            <param name="minimumVersion">The minimum required version of SQL Server.</param>
            <returns>A list of SqlServerInfo objects describing Sql Servers on this network.</returns>
        </member>
        <member name="M:Sage.CRE.Core.SQL.SqlServerInfo.ToString">
            <summary>
            Returns a <see cref="T:System.String"/> that represents the current <see cref="T:System.Object"/>.
            </summary>
            <returns>
            A <see cref="T:System.String"/> that represents the current <see cref="T:System.Object"/>.
            </returns>
        </member>
        <member name="P:Sage.CRE.Core.SQL.SqlServerInfo.ServerName">
            <summary>Gets the name of the server.
            </summary>
            <value>The name of the server.</value>
        </member>
        <member name="P:Sage.CRE.Core.SQL.SqlServerInfo.InstanceName">
            <summary>Gets the name of the instance.
            </summary>
            <value>The name of the instance.</value>
        </member>
        <member name="P:Sage.CRE.Core.SQL.SqlServerInfo.IsClustered">
            <summary>Gets a value indicating whether this instance is clustered.
            </summary>
            <value>
            	<see langword="true"/> if this instance is clustered; otherwise, <see langword="false"/>.
            </value>
        </member>
        <member name="P:Sage.CRE.Core.SQL.SqlServerInfo.Version">
            <summary>Gets the version.
            </summary>
            <value>The version.</value>
        </member>
        <member name="T:Sage.CRE.Core.SQL.StringsCustomerFacing">
            <summary>
              A strongly-typed resource class, for looking up localized strings, etc.
            </summary>
        </member>
        <member name="P:Sage.CRE.Core.SQL.StringsCustomerFacing.ResourceManager">
            <summary>
              Returns the cached ResourceManager instance used by this class.
            </summary>
        </member>
        <member name="P:Sage.CRE.Core.SQL.StringsCustomerFacing.Culture">
            <summary>
              Overrides the current thread's CurrentUICulture property for all
              resource lookups using this strongly typed resource class.
            </summary>
        </member>
        <member name="P:Sage.CRE.Core.SQL.StringsCustomerFacing.DatabaseLibrary_ColonsMustOnlyBeUsedToSpecifyTheProtocol">
            <summary>
              Looks up a localized string similar to Colons can only be used to specify the protocol..
            </summary>
        </member>
        <member name="P:Sage.CRE.Core.SQL.StringsCustomerFacing.DatabaseLibrary_InvalidHostOrInstanceName">
            <summary>
              Looks up a localized string similar to Invalid host or instance name..
            </summary>
        </member>
        <member name="P:Sage.CRE.Core.SQL.StringsCustomerFacing.DatabaseLibrary_NoCommasInHostOrInstanceName">
            <summary>
              Looks up a localized string similar to Commas cannot be used within a host name or an instance name.
            </summary>
        </member>
        <member name="P:Sage.CRE.Core.SQL.StringsCustomerFacing.DatabaseLibrary_OnlyTCPIsSupported">
            <summary>
              Looks up a localized string similar to Only TCP protocol is supported..
            </summary>
        </member>
        <member name="P:Sage.CRE.Core.SQL.StringsCustomerFacing.DatabaseLibrary_SQLDefaults_MessageContent_YouMustDefineAValidDatabaseDefaultLocationInSQLServerManagmentStudio">
            <summary>
              Looks up a localized string similar to You must define a valid Database default location in SQL Server Managment Studio..
            </summary>
        </member>
        <member name="P:Sage.CRE.Core.SQL.StringsCustomerFacing.InstanceNotInstalled">
            <summary>
              Looks up a localized string similar to The SQL Server named instance &apos;{0}&apos; is not installed on this machine..
            </summary>
        </member>
        <member name="P:Sage.CRE.Core.SQL.StringsCustomerFacing.NoDatabaseConnection_LocalDefaultInstance">
             <summary>
               Looks up a localized string similar to Unable to connect to the SQL Server via TCP/IP on port {1}.
            The application can see that the SQL Server Instance {0} is running, but is unable to connect.
            This can indicate several problems:
                - the SQL Server has not been configured to use TCP/IP.
                - the SQL Server service has been configured to listen on a static port different from the port specified.
                - the firewall on the host machine has been configured to block the TCP port..
             </summary>
        </member>
        <member name="P:Sage.CRE.Core.SQL.StringsCustomerFacing.NoDatabaseConnection_LocalNamedInstance">
             <summary>
               Looks up a localized string similar to Unable to connect to the SQL Server via TCP/IP.
            The application can see that the SQL Server Instance {0} is running, but is unable to connect.
            This can indicate several problems:
                - the SQL Server has not been configured to use TCP/IP.
                - the SQL Server service has been configured to listen on a static port different than the default port (1433) or the port explicitly specified.
                - the SQL Server Browser service is not running.
                - the firewall on the host machine has been configured to blo [rest of string was truncated]&quot;;.
             </summary>
        </member>
        <member name="P:Sage.CRE.Core.SQL.StringsCustomerFacing.NoDatabaseConnection_NoPing">
             <summary>
               Looks up a localized string similar to Unable to reach the SQL Server via ICMP ping.
            This can indicate several problems:
                - the server address is incorrect.
                - the SQL Server host machine&apos;s firewall or network adaptor has been configured to reject ICMP packets
                - a router, bridge, or switch between this machine and the SQL Server host machine has not been properly configured to route ICMP packets.
                - the SQL Server host machine cannot be reached via TCP/IP, perhaps do to an improper routing table.
                - the SQL Server host mach [rest of string was truncated]&quot;;.
             </summary>
        </member>
        <member name="P:Sage.CRE.Core.SQL.StringsCustomerFacing.NoDatabaseConnection_PingWorks">
             <summary>
               Looks up a localized string similar to Unable to reach the SQL Server via TCP/IP.
            The application can reach the SQL Server host machine via ICMP (ping) but cannot open a connection to the database instance {1} on TCP port {2}.
            This can indicate several problems:
                - the server address is incorrect.
                - the database instance name is incorrect.
                - the firewall on the host machine has been configured to block TCP port {2}.
                - the SQL Server has not been configured to use the TCP/IP protocol.
                - the SQL Server has been configured [rest of string was truncated]&quot;;.
             </summary>
        </member>
        <member name="P:Sage.CRE.Core.SQL.StringsCustomerFacing.ServicePaused">
            <summary>
              Looks up a localized string similar to The SQL Server service is paused. The application will attempt to continue the service. Try again in about 30 seconds..
            </summary>
        </member>
        <member name="P:Sage.CRE.Core.SQL.StringsCustomerFacing.ServiceStarting">
            <summary>
              Looks up a localized string similar to The SQL Server service is starting. Try again in about 30 seconds..
            </summary>
        </member>
        <member name="P:Sage.CRE.Core.SQL.StringsCustomerFacing.ServiceStopped">
            <summary>
              Looks up a localized string similar to The SQL Server service was stopped. The application will attempt to start the service. Try again in about 30 seconds..
            </summary>
        </member>
        <member name="P:Sage.CRE.Core.SQL.StringsCustomerFacing.SQLBroswerServiceNotInstalled">
            <summary>
              Looks up a localized string similar to The SQL Browser Service has not been installed. This service is required to determine the TCP port used by named instances and SQL Express..
            </summary>
        </member>
        <member name="P:Sage.CRE.Core.SQL.StringsCustomerFacing.SQLBrowserServicePaused">
            <summary>
              Looks up a localized string similar to The SQL Browser service is paused. The application will attempt to start the service. Try again in about 30 seconds..
            </summary>
        </member>
        <member name="P:Sage.CRE.Core.SQL.StringsCustomerFacing.SQLBrowserServiceStarting">
            <summary>
              Looks up a localized string similar to The SQL Browser service is starting. Try again in about 30 seconds..
            </summary>
        </member>
        <member name="P:Sage.CRE.Core.SQL.StringsCustomerFacing.SQLBrowserServiceStopped">
            <summary>
              Looks up a localized string similar to The SQL Browser service is stopped. The application will attempt to start the service. Try again in about 30 seconds..
            </summary>
        </member>
        <member name="P:Sage.CRE.Core.SQL.StringsCustomerFacing.SQLLoginFailed">
            <summary>
              Looks up a localized string similar to Login failed for SQL Server user &apos;{0}&apos;. User names and passwords are case-sensitive..
            </summary>
        </member>
        <member name="P:Sage.CRE.Core.SQL.StringsCustomerFacing.WindowsLoginFailed">
            <summary>
              Looks up a localized string similar to Login failed for Windows Integrated security user &apos;{0}&apos;. Ensure that the user has permissions to access the SQL Server..
            </summary>
        </member>
    </members>
</doc>
