<?xml version="1.0"?>
<doc>
    <assembly>
        <name>Sage.CRE.Core.UI</name>
    </assembly>
    <members>
        <member name="T:Sage.CRE.Core.UI.HWnd">
            <summary>
            Class which implements IWin32Window and is useful for passing Win32 HWND handles to .NET methods which
            take an IWin32Window.
            </summary>
        </member>
        <member name="M:Sage.CRE.Core.UI.HWnd.#ctor(System.IntPtr)">
            <summary>
            Initializes a new instance of the HWnd class
            </summary>
            <param name="hwnd">the Win32 HWND handle</param>
        </member>
        <member name="P:Sage.CRE.Core.UI.HWnd.Handle">
            <summary>
            Gets the handle to the window represented by the implementer.
            </summary>
        </member>
        <member name="T:Sage.CRE.Core.UI.PanelStack">
            <summary>
            This control behaves like a tab-less tab control.
            </summary>
            <summary>
            This control behaves like a tabless tabbed dialog
            </summary>
        </member>
        <member name="M:Sage.CRE.Core.UI.PanelStack.#ctor">
            <summary>
            Constructor
            </summary>
        </member>
        <member name="F:Sage.CRE.Core.UI.PanelStack.components">
            <summary> 
            Required designer variable.
            </summary>
        </member>
        <member name="M:Sage.CRE.Core.UI.PanelStack.Dispose(System.Boolean)">
            <summary> 
            Clean up any resources being used.
            </summary>
            <param name="disposing">true if managed resources should be disposed; otherwise, false.</param>
        </member>
        <member name="M:Sage.CRE.Core.UI.PanelStack.InitializeComponent">
            <summary> 
            Required method for Designer support - do not modify 
            the contents of this method with the code editor.
            </summary>
        </member>
        <member name="P:Sage.CRE.Core.UI.PanelStack.Panels">
            <summary>
            The collection of items for this control
            </summary>
        </member>
        <member name="P:Sage.CRE.Core.UI.PanelStack.ActivePanelIndex">
            <summary>
            Gets/Sets the active panel
            </summary>
        </member>
        <member name="P:Sage.CRE.Core.UI.PanelStack.ActivePanel">
            <summary>
            Alternative way of getting/setting the current panel by using PanelStackPanel objects
            </summary>
        </member>
        <member name="E:Sage.CRE.Core.UI.PanelStack.ActivePanelChanged">
            <summary>
            This event is fired when the activate panel is changed.
            </summary>
        </member>
        <member name="T:Sage.CRE.Core.UI.PanelStackPanel">
            <summary>
            An individual panel that is part of the panel stack
            </summary>
        </member>
        <member name="M:Sage.CRE.Core.UI.PanelStackPanel.FocusFirstTabIndex">
            <summary>
            Set the focus to the contained control with a lowest tabIndex
            </summary>
        </member>
        <member name="T:Sage.CRE.Core.UI.PanelStackPanelCollection">
            <summary>
            A collection of PanelStack panels.
            </summary>
        </member>
        <member name="M:Sage.CRE.Core.UI.PanelStackPanelCollection.#ctor(Sage.CRE.Core.UI.PanelStack)">
            <summary>
            Constructor
            </summary>
            <param name="stack">the PanelStack</param>
        </member>
        <member name="M:Sage.CRE.Core.UI.PanelStackPanelCollection.Add(Sage.CRE.Core.UI.PanelStackPanel)">
            <summary>
            Add a panel to the collection
            </summary>
            <param name="item">the PanelStack panel to add</param>
            <returns></returns>
        </member>
        <member name="M:Sage.CRE.Core.UI.PanelStackPanelCollection.AddRange(Sage.CRE.Core.UI.PanelStackPanel[])">
            <summary>
            Adds an array of panels into the collection. Used by the Studio Designer generated coed
            </summary>
            <param name="panels">Array of panels to add</param>
        </member>
        <member name="M:Sage.CRE.Core.UI.PanelStackPanelCollection.IndexOf(Sage.CRE.Core.UI.PanelStackPanel)">
            <summary>
            Finds the position of the panel in the colleciton
            </summary>
            <param name="value">Panel to find position of</param>
            <returns>Index of Panel in collection</returns>
        </member>
        <member name="M:Sage.CRE.Core.UI.PanelStackPanelCollection.Insert(System.Int32,Sage.CRE.Core.UI.PanelStackPanel)">
            <summary>
            Adds a new panel at a particular position in the Collection
            </summary>
            <param name="index">Position</param>
            <param name="value">Panel to be added</param>
        </member>
        <member name="M:Sage.CRE.Core.UI.PanelStackPanelCollection.Remove(Sage.CRE.Core.UI.PanelStackPanel)">
            <summary>
            Removes the given panel from the collection
            </summary>
            <param name="value">Panel to remove</param>
        </member>
        <member name="M:Sage.CRE.Core.UI.PanelStackPanelCollection.Contains(Sage.CRE.Core.UI.PanelStackPanel)">
            <summary>
            Detects if a given Panel is in the Collection
            </summary>
            <param name="value">Panel to find</param>
            <returns></returns>
        </member>
        <member name="M:Sage.CRE.Core.UI.PanelStackPanelCollection.OnInsertComplete(System.Int32,System.Object)">
            <summary>
            Propgate when a external designer modifies the panels
            </summary>
            <param name="index"></param>
            <param name="value"></param>
        </member>
        <member name="M:Sage.CRE.Core.UI.PanelStackPanelCollection.OnRemoveComplete(System.Int32,System.Object)">
            <summary>
            Propogates when external designers remove items from panel
            </summary>
            <param name="index"></param>
            <param name="value"></param>
        </member>
        <member name="P:Sage.CRE.Core.UI.PanelStackPanelCollection.Stack">
            <summary>
            The PanelStack
            </summary>
        </member>
        <member name="P:Sage.CRE.Core.UI.PanelStackPanelCollection.Item(System.Int32)">
            <summary>
            a basic indexer of the type of your collection
            </summary>
            <param name="index">The index of the panel you want</param>
            <returns></returns>
        </member>
        <member name="T:Sage.CRE.Core.UI.PanelStackDesigner">
            <summary>
            This class exists so that the PanelStack control can be utilized in
            the designer.
            </summary>
        </member>
        <member name="P:Sage.CRE.Core.UI.PanelStackDesigner.Verbs">
            <summary>
            Verbs that show up at the bottom of the properties pane
            </summary>
        </member>
        <member name="T:Sage.CRE.Core.UI.ProgressForm">
            <summary>
            This dialog gives the user something to look at while we are making database connections
            </summary>
        </member>
        <member name="M:Sage.CRE.Core.UI.ProgressForm.#ctor">
            <summary>
            Constructor
            </summary>
        </member>
        <member name="M:Sage.CRE.Core.UI.ProgressForm.Close">
            <summary>
            
            </summary>
        </member>
        <member name="M:Sage.CRE.Core.UI.ProgressForm.ShowNormalProgressBar(System.Int32,System.Int32,System.Int32)">
            <summary>
            
            </summary>
            <param name="step"></param>
            <param name="value"></param>
            <param name="max"></param>
        </member>
        <member name="M:Sage.CRE.Core.UI.ProgressForm.ShowMarqueeProgressBar">
            <summary>
            
            </summary>
        </member>
        <member name="M:Sage.CRE.Core.UI.ProgressForm.ShowLabelProgress">
            <summary>
            
            </summary>
        </member>
        <member name="M:Sage.CRE.Core.UI.ProgressForm.UpdateStatus(System.String,System.Int32,System.Int32)">
            <summary>
            
            </summary>
            <param name="formatString">(e.g., "Performing System Verification ({0} of {1} system checks)")</param>
            <param name="count">position {0} in the formatString</param>
            <param name="total">position {1} in the formatString</param>
        </member>
        <member name="M:Sage.CRE.Core.UI.ProgressForm.WaitUntilReady">
            <summary>
            Blocks the current execution thread until the progress form has been created
            </summary>
        </member>
        <member name="F:Sage.CRE.Core.UI.ProgressForm.components">
            <summary>
            Required designer variable.
            </summary>
        </member>
        <member name="M:Sage.CRE.Core.UI.ProgressForm.Dispose(System.Boolean)">
            <summary>
            Clean up any resources being used.
            </summary>
            <param name="disposing">true if managed resources should be disposed; otherwise, false.</param>
        </member>
        <member name="M:Sage.CRE.Core.UI.ProgressForm.InitializeComponent">
            <summary>
            Required method for Designer support - do not modify
            the contents of this method with the code editor.
            </summary>
        </member>
        <member name="E:Sage.CRE.Core.UI.ProgressForm.UserCancelled">
            <summary>
            
            </summary>
        </member>
        <member name="P:Sage.CRE.Core.UI.ProgressForm.UserCanRequestCancel">
            <summary>
            
            </summary>
        </member>
        <member name="P:Sage.CRE.Core.UI.ProgressForm.UserHasRequestedCancel">
            <summary>
            
            </summary>
        </member>
        <member name="T:Sage.CRE.Core.UI.Strings">
            <summary>
              A strongly-typed resource class, for looking up localized strings, etc.
            </summary>
        </member>
        <member name="P:Sage.CRE.Core.UI.Strings.ResourceManager">
            <summary>
              Returns the cached ResourceManager instance used by this class.
            </summary>
        </member>
        <member name="P:Sage.CRE.Core.UI.Strings.Culture">
            <summary>
              Overrides the current thread's CurrentUICulture property for all
              resource lookups using this strongly typed resource class.
            </summary>
        </member>
        <member name="P:Sage.CRE.Core.UI.Strings.ADD_PANEL">
            <summary>
              Looks up a localized string similar to AddPanel.
            </summary>
        </member>
        <member name="P:Sage.CRE.Core.UI.Strings.NEXT_PANEL">
            <summary>
              Looks up a localized string similar to NextPanel.
            </summary>
        </member>
        <member name="P:Sage.CRE.Core.UI.Strings.PANEL_INDEX">
            <summary>
              Looks up a localized string similar to PanelIndex.
            </summary>
        </member>
        <member name="P:Sage.CRE.Core.UI.Strings.PANEL_INDEX_EXCEPTION">
            <summary>
              Looks up a localized string similar to The panel index must be between 0 and.
            </summary>
        </member>
        <member name="P:Sage.CRE.Core.UI.Strings.PREVIOUS_PANEL">
            <summary>
              Looks up a localized string similar to PreviousPanel.
            </summary>
        </member>
    </members>
</doc>
