<?xml version="1.0"?>
<doc>
    <assembly>
        <name>TraceConfigTool</name>
    </assembly>
    <members>
        <member name="T:Sage.CRE.LinkedSource.IsolatedAppDomainHelper">
            <summary>
            A static helper class that can be used to facilitate the calling of objects
            within an isolated AppDomain without introducing a dependency on any other
            (custom) assembly which would define the interface used to go across the
            AppDomain boundary.
            </summary>
        </member>
        <member name="M:Sage.CRE.LinkedSource.IsolatedAppDomainHelper.InvokeDelegate(System.Delegate,System.Object[])">
            <summary>
            A simple method to create an app-domain and invoke a delegate in it in one shot.
            </summary>
            <param name="delegateToInvoke"></param>
            <param name="args"></param>
            <returns></returns>
        </member>
        <member name="M:Sage.CRE.LinkedSource.IsolatedAppDomainHelper.#ctor(System.String)">
            <summary>
            Constructor
            </summary>
        </member>
        <member name="M:Sage.CRE.LinkedSource.IsolatedAppDomainHelper.#ctor(System.String,System.String)">
            <summary>
            Constructor
            </summary>
        </member>
        <member name="M:Sage.CRE.LinkedSource.IsolatedAppDomainHelper.Dispose">
            <summary>
            Standard IDisposable implementation
            </summary>
        </member>
        <member name="M:Sage.CRE.LinkedSource.IsolatedAppDomainHelper.Finalize">
            <summary>
            C# destructor syntax for finalization code.  This destructor will run only if the Dispose method 
            does not get called.
            </summary>
        </member>
        <member name="M:Sage.CRE.LinkedSource.IsolatedAppDomainHelper.Dispose(System.Boolean)">
            <summary>
            Standard IDisposable implementation
            </summary>
            <param name="disposing">true if this object is being disposed; false if it is being finalized</param>
        </member>
        <member name="M:Sage.CRE.LinkedSource.IsolatedAppDomainHelper.VerifyNotDisposed">
            <summary>
            Makes certain that this object instance hasn't already been disposed
            </summary>
        </member>
        <member name="T:Sage.CRE.LinkedSource.IsolatedAppDomainHelper.TargetMemberInvoker">
            <summary>
            Utility class used by the AppDomainIsolationHelper to invoke an instance method in a cross-AppDomain context.
            </summary>
            <remarks>
            There are two important design elements to this class:
                1) it is a MarshalByRefObject so it can be marshalled across AppDomain boundaries
                2) it implements a standard interface (i.e., IReflect) which is NOT defined in this assembly
            </remarks>
        </member>
        <member name="M:Sage.CRE.LinkedSource.IsolatedAppDomainHelper.TargetMemberInvoker.#ctor">
            <summary>
            Creates a new instance of the TargetMemberInvoker class.
            </summary>
        </member>
        <member name="M:Sage.CRE.LinkedSource.IsolatedAppDomainHelper.TargetMemberInvoker.InitializeLifetimeService">
            <summary>
            Override and return null to specify infinite lifetime for the singleton.
            </summary>
        </member>
        <member name="M:Sage.CRE.LinkedSource.IsolatedAppDomainHelper.TargetMemberInvoker.System#Reflection#IReflect#GetField(System.String,System.Reflection.BindingFlags)">
            <summary>
            Returns the FieldInfo object corresponding to the specified field and BindingFlag.
            </summary>
            <param name="name"></param>
            <param name="bindingAttr"></param>
            <returns></returns>
            <remarks>Not implemented.</remarks>
        </member>
        <member name="M:Sage.CRE.LinkedSource.IsolatedAppDomainHelper.TargetMemberInvoker.System#Reflection#IReflect#GetFields(System.Reflection.BindingFlags)">
            <summary>
            Returns an array of FieldInfo objects corresponding to all fields of the current class.
            </summary>
            <param name="bindingAttr"></param>
            <returns></returns>
            <remarks>Not implemented.</remarks>
        </member>
        <member name="M:Sage.CRE.LinkedSource.IsolatedAppDomainHelper.TargetMemberInvoker.System#Reflection#IReflect#GetMember(System.String,System.Reflection.BindingFlags)">
            <summary>
            Retrieves an array of MemberInfo objects corresponding to all public members or to all members that match a specified name.
            </summary>
            <param name="name"></param>
            <param name="bindingAttr"></param>
            <returns></returns>
            <remarks>Not implemented.</remarks>
        </member>
        <member name="M:Sage.CRE.LinkedSource.IsolatedAppDomainHelper.TargetMemberInvoker.System#Reflection#IReflect#GetMembers(System.Reflection.BindingFlags)">
            <summary>
            Retrieves an array of MemberInfo objects corresponding either to all public members or to all members of the current class.
            </summary>
            <param name="bindingAttr"></param>
            <returns></returns>
            <remarks>Not implemented.</remarks>
        </member>
        <member name="M:Sage.CRE.LinkedSource.IsolatedAppDomainHelper.TargetMemberInvoker.System#Reflection#IReflect#GetMethod(System.String,System.Reflection.BindingFlags)">
            <summary>
            Retrieves a MethodInfo object corresponding to a specified method.
            </summary>
            <param name="name"></param>
            <param name="bindingAttr"></param>
            <returns></returns>
            <remarks>Not implemented.</remarks>
        </member>
        <member name="M:Sage.CRE.LinkedSource.IsolatedAppDomainHelper.TargetMemberInvoker.System#Reflection#IReflect#GetMethod(System.String,System.Reflection.BindingFlags,System.Reflection.Binder,System.Type[],System.Reflection.ParameterModifier[])">
            <summary>
            Retrieves a MethodInfo object corresponding to a specified method, using a Type array to choose from among overloaded methods.
            </summary>
            <param name="name"></param>
            <param name="bindingAttr"></param>
            <param name="binder"></param>
            <param name="types"></param>
            <param name="modifiers"></param>
            <returns></returns>
            <remarks>Not implemented.</remarks>
        </member>
        <member name="M:Sage.CRE.LinkedSource.IsolatedAppDomainHelper.TargetMemberInvoker.System#Reflection#IReflect#GetMethods(System.Reflection.BindingFlags)">
            <summary>
            Retrieves an array of MethodInfo objects with all public methods or all methods of the current class.
            </summary>
            <param name="bindingAttr"></param>
            <returns></returns>
            <remarks>Not implemented.</remarks>
        </member>
        <member name="M:Sage.CRE.LinkedSource.IsolatedAppDomainHelper.TargetMemberInvoker.System#Reflection#IReflect#GetProperties(System.Reflection.BindingFlags)">
            <summary>
            Retrieves an array of PropertyInfo objects corresponding to all public properties or to all properties of the current class.
            </summary>
            <param name="bindingAttr"></param>
            <returns></returns>
            <remarks>Not implemented.</remarks>
        </member>
        <member name="M:Sage.CRE.LinkedSource.IsolatedAppDomainHelper.TargetMemberInvoker.System#Reflection#IReflect#GetProperty(System.String,System.Reflection.BindingFlags)">
            <summary>
            Retrieves a PropertyInfo object corresponding to a specified property under specified search constraints.
            </summary>
            <param name="name"></param>
            <param name="bindingAttr"></param>
            <returns></returns>
            <remarks>Not implemented.</remarks>
        </member>
        <member name="M:Sage.CRE.LinkedSource.IsolatedAppDomainHelper.TargetMemberInvoker.System#Reflection#IReflect#GetProperty(System.String,System.Reflection.BindingFlags,System.Reflection.Binder,System.Type,System.Type[],System.Reflection.ParameterModifier[])">
            <summary>
            Retrieves a PropertyInfo object corresponding to a specified property with specified search constraints.
            </summary>
            <param name="name"></param>
            <param name="bindingAttr"></param>
            <param name="binder"></param>
            <param name="returnType"></param>
            <param name="types"></param>
            <param name="modifiers"></param>
            <returns></returns>
            <remarks>Not implemented.</remarks>
        </member>
        <member name="M:Sage.CRE.LinkedSource.IsolatedAppDomainHelper.TargetMemberInvoker.System#Reflection#IReflect#InvokeMember(System.String,System.Reflection.BindingFlags,System.Reflection.Binder,System.Object,System.Object[],System.Reflection.ParameterModifier[],System.Globalization.CultureInfo,System.String[])">
            <summary>
            Invokes a specified member.
            </summary>
            <param name="name"></param>
            <param name="invokeAttr"></param>
            <param name="binder"></param>
            <param name="target"></param>
            <param name="args"></param>
            <param name="modifiers"></param>
            <param name="culture"></param>
            <param name="namedParameters"></param>
            <returns></returns>
            <remarks>Implemented to work only on instance members (rather than static members)</remarks>
        </member>
        <member name="P:Sage.CRE.LinkedSource.IsolatedAppDomainHelper.TargetMemberInvoker.System#Reflection#IReflect#UnderlyingSystemType">
            <summary>
            Gets the underlying type that represents the IReflect object.
            </summary>
            <remarks>Not implemented.</remarks>
        </member>
        <member name="F:Sage.CM.Core.LinkedSource.LibraryConstants.LibrarySetId">
            <summary>
            The library set ID for the library.
            </summary>
        </member>
        <member name="F:Sage.CM.Core.LinkedSource.LibraryConstants.LibraryName">
            <summary>
            The library name for the library.
            </summary>
        </member>
        <member name="F:Sage.CM.Core.LinkedSource.LibraryConstants.LibraryVersion">
            <summary>
            The library version for the library in "major.minor" format.
            </summary>
        </member>
        <member name="M:Sage.CM.Core.LinkedSource.LibraryConstants.LibraryAssemblyFullName(System.String)">
            <summary>
            The full-name of an assembly in the Sage CM\Core library.
            </summary>
            <param name="assemblyDisplayName">The display name of the assembly</param>
            <returns>The assembly full-name as in:  &lt;Display Name&gt;,&lt;Version&gt;,&lt;Culture&gt;,&lt;PublicKey Token&gt;</returns>
        </member>
        <member name="M:Sage.CM.Core.LinkedSource.LibraryConstants.VersionSpecific.LibraryApplicationDataFolder(System.String)">
            <summary>
            The path to the version-specific Application Data folder for this library.
            
            [Runtime Files]\Documents and Settings\All Users\Application Data\Sage\&lt;LibrarySetId&gt;\&lt;Library Name&gt;\&lt;LibraryVersion&gt;
            </summary>
            <param name="sharedConfigLocation">The shared config location (typically supplied by Sage.Configuration.LibraryManager.SharedConfigLocation (Sage.LS2.Core.LibraryManager.dll)</param>
        </member>
        <member name="M:Sage.CM.Core.LinkedSource.LibraryConstants.VersionSpecific.LibraryCommonFilesFolder(System.String)">
            <summary>
            The path to the version-specific Common Files folder for this library.
            
            [Runtime Files]\Common Files\Sage\&lt;LibrarySetId&gt;\&lt;Library Name&gt;\&lt;LibraryVersion&gt;
            </summary>
            <param name="sharedLibrariesLocation">The shared libraries location (typically supplied by Sage.Configuration.LibraryManager.SharedLibrariesLocation (Sage.LS2.Core.LibraryManager.dll)</param>
        </member>
        <member name="P:Sage.CM.Core.LinkedSource.LibraryConstants.VersionSpecific.LibraryRelativePath">
            <summary>
            A version-specific relative path for this library.
            
            &lt;LibrarySetId&gt;\&lt;Library Name&gt;\&lt;LibraryVersion&gt;
            </summary>
        </member>
        <member name="P:Sage.CM.Core.LinkedSource.LibraryConstants.VersionSpecific.LibraryRegistryKeyName">
            <summary>
            The name of the version-specific registry key name for this library.
            
            SOFTWARE\Sage\&lt;LibrarySetId&gt;\&lt;Library Name&gt;\&lt;LibraryVersion&gt;
            </summary>
        </member>
        <member name="M:Sage.CM.Core.LinkedSource.LibraryConstants.VersionIndependent.LibraryApplicationDataFolder(System.String)">
            <summary>
            The path to the version-independent Application Data folder for this library.
            
            [Runtime Files]\Documents and Settings\All Users\Application Data\Sage\&lt;LibrarySetId&gt;\&lt;Library Name&gt;
            </summary>
            <param name="sharedConfigLocation">The shared config location (typically supplied by Sage.Configuration.LibraryManager.SharedConfigLocation (Sage.LS2.Core.LibraryManager.dll)</param>
        </member>
        <member name="M:Sage.CM.Core.LinkedSource.LibraryConstants.VersionIndependent.LibraryCommonFilesFolder(System.String)">
            <summary>
            The path to the version-independent Common Files folder for this library.
            
            [Runtime Files]\Common Files\Sage\&lt;LibrarySetId&gt;\&lt;Library Name&gt;
            </summary>
            <param name="sharedLibrariesLocation">The shared libraries location (typically supplied by Sage.Configuration.LibraryManager.SharedLibrariesLocation (Sage.LS2.Core.LibraryManager.dll)</param>
        </member>
        <member name="P:Sage.CM.Core.LinkedSource.LibraryConstants.VersionIndependent.LibraryRelativePath">
            <summary>
            A version-independent relative path for this library.
            
            &lt;LibrarySetId&gt;\&lt;Library Name&gt;
            </summary>
        </member>
        <member name="P:Sage.CM.Core.LinkedSource.LibraryConstants.VersionIndependent.LibraryRegistryKeyName">
            <summary>
            The name of the version-independent registry key name for this library.
            
            SOFTWARE\Sage\&lt;LibrarySetId&gt;\&lt;Library Name&gt;
            </summary>
        </member>
        <member name="T:TraceConfigTool.IAssemblyReferenceScanner">
            <summary>
            
            </summary>
            <remarks>
            This interface was created solely to enable scanner classes to have both a static method and an instance
            method called "Scan" which have identical signatures.
            </remarks>
        </member>
        <member name="T:TraceConfigTool.TimberlineAssemblyReferenceScanner">
            <summary>
            
            </summary>
            <remarks>
            This class implements the IAssemblyReferenceScanner interface so that we can have both a static method and an instance
            method called "Scan" which have identical signatures.
            </remarks>
        </member>
        <member name="M:TraceConfigTool.TimberlineAssemblyReferenceScanner.TraceConfigTool#IAssemblyReferenceScanner#Scan(System.String)">
            <summary>
            
            </summary>
            <remarks>
            This method was created so that we could implement ScanInIsolatedAppDomain ... which requires a target instace.  Otherwise, 
            this class would simply be declared static.
            </remarks>
            <param name="targetAssemblyPath"></param>
            <returns></returns>
        </member>
        <member name="T:TraceConfigTool.AssemblyReferenceScanner">
            <summary>
            
            </summary>
            <remarks>
            This class implements the IAssemblyReferenceScanner interface so that we can have both a static method and an instance
            method called "Scan" which have identical signatures.
            </remarks>
        </member>
        <member name="M:TraceConfigTool.AssemblyReferenceScanner.TraceConfigTool#IAssemblyReferenceScanner#Scan(System.String)">
            <summary>
            
            </summary>
            <remarks>
            This method was created so that we could implement ScanInIsolatedAppDomain ... which requires a target instace.  Otherwise, 
            this class would simply be declared static.
            </remarks>
            <param name="targetAssemblyPath"></param>
            <returns></returns>
        </member>
        <member name="T:TraceConfigTool.AssemblyUtils">
            <summary>
            Summary description for AssemblyUtils.
            </summary>
        </member>
        <member name="T:TraceConfigTool.InfiniteProgress">
             <summary>
            
             </summary>
        </member>
        <member name="M:TraceConfigTool.InfiniteProgress.#ctor">
            <summary>
            
            </summary>
        </member>
        <member name="M:TraceConfigTool.InfiniteProgress.OnPaint(System.Windows.Forms.PaintEventArgs)">
            <summary>
            
            </summary>
            <param name="args"></param>
        </member>
        <member name="M:TraceConfigTool.InfiniteProgress.OnVisibleChanged(System.EventArgs)">
            <summary>
            
            </summary>
            <param name="args"></param>
        </member>
        <member name="M:TraceConfigTool.InfiniteProgress.OnTick(System.Object,System.EventArgs)">
            <summary>
            
            </summary>
            <param name="sender"></param>
            <param name="args"></param>
        </member>
        <member name="P:TraceConfigTool.InfiniteProgress.StartColor">
            <summary>
            
            </summary>
        </member>
        <member name="P:TraceConfigTool.InfiniteProgress.EndColor">
            <summary>
            
            </summary>
        </member>
        <member name="P:TraceConfigTool.InfiniteProgress.Position">
            <summary>
            
            </summary>
        </member>
        <member name="P:TraceConfigTool.InfiniteProgress.Step">
            <summary>
            
            </summary>
        </member>
        <member name="F:TraceConfigTool.MainForm.components">
            <summary>
            Required designer variable.
            </summary>
        </member>
        <member name="M:TraceConfigTool.MainForm.Dispose(System.Boolean)">
            <summary>
            Clean up any resources being used.
            </summary>
            <param name="disposing">true if managed resources should be disposed; otherwise, false.</param>
        </member>
        <member name="M:TraceConfigTool.MainForm.InitializeComponent">
            <summary>
            Required method for Designer support - do not modify
            the contents of this method with the code editor.
            </summary>
        </member>
        <member name="F:TraceConfigTool.OutputOptionsControl.components">
            <summary> 
            Required designer variable.
            </summary>
        </member>
        <member name="M:TraceConfigTool.OutputOptionsControl.Dispose(System.Boolean)">
            <summary> 
            Clean up any resources being used.
            </summary>
            <param name="disposing">true if managed resources should be disposed; otherwise, false.</param>
        </member>
        <member name="M:TraceConfigTool.OutputOptionsControl.InitializeComponent">
            <summary> 
            Required method for Designer support - do not modify 
            the contents of this method with the code editor.
            </summary>
        </member>
        <member name="T:TraceConfigTool.PleaseWaitForm">
            <summary>
            Summary description for PleaseWaitForm.
            </summary>
        </member>
        <member name="M:TraceConfigTool.PleaseWaitForm.Dispose(System.Boolean)">
            <summary>
            Clean up any resources being used.
            </summary>
        </member>
        <member name="M:TraceConfigTool.PleaseWaitForm.OnClosing(System.ComponentModel.CancelEventArgs)">
            <summary>
            
            </summary>
            <param name="args"></param>
        </member>
        <member name="M:TraceConfigTool.PleaseWaitForm.InitializeComponent">
            <summary>
            Required method for Designer support - do not modify
            the contents of this method with the code editor.
            </summary>
        </member>
        <member name="M:TraceConfigTool.Program.#cctor">
            <summary>
            Static constructor to initialize the LibraryManager prior to any other members or field initialization being JIT-compiled and used.
            </summary>
            <remarks>
            This is needed becuase, in theory, the only Sage assembly that can be successfully found may be
            Sage.CRE.LibraryManagement.dll until the LibraryManager is initialized.
            </remarks>
        </member>
        <member name="M:TraceConfigTool.Program.Main">
            <summary>
            The main entry point for the application.
            </summary>
        </member>
        <member name="T:TraceConfigTool.Properties.Resources">
            <summary>
              A strongly-typed resource class, for looking up localized strings, etc.
            </summary>
        </member>
        <member name="P:TraceConfigTool.Properties.Resources.ResourceManager">
            <summary>
              Returns the cached ResourceManager instance used by this class.
            </summary>
        </member>
        <member name="P:TraceConfigTool.Properties.Resources.Culture">
            <summary>
              Overrides the current thread's CurrentUICulture property for all
              resource lookups using this strongly typed resource class.
            </summary>
        </member>
        <member name="P:TraceConfigTool.Properties.Resources.addAssembly">
            <summary>
              Looks up a localized resource of type System.Drawing.Bitmap.
            </summary>
        </member>
        <member name="P:TraceConfigTool.Properties.Resources.NewDocument">
            <summary>
              Looks up a localized resource of type System.Drawing.Bitmap.
            </summary>
        </member>
        <member name="P:TraceConfigTool.Properties.Resources.Open">
            <summary>
              Looks up a localized resource of type System.Drawing.Bitmap.
            </summary>
        </member>
        <member name="P:TraceConfigTool.Properties.Resources.removeAssembly">
            <summary>
              Looks up a localized resource of type System.Drawing.Bitmap.
            </summary>
        </member>
        <member name="P:TraceConfigTool.Properties.Resources.Save">
            <summary>
              Looks up a localized resource of type System.Drawing.Bitmap.
            </summary>
        </member>
        <member name="P:TraceConfigTool.Properties.Resources.scanAssembly">
            <summary>
              Looks up a localized resource of type System.Drawing.Bitmap.
            </summary>
        </member>
        <member name="F:TraceConfigTool.TraceConfigControl.components">
            <summary> 
            Required designer variable.
            </summary>
        </member>
        <member name="M:TraceConfigTool.TraceConfigControl.Dispose(System.Boolean)">
            <summary> 
            Clean up any resources being used.
            </summary>
            <param name="disposing">true if managed resources should be disposed; otherwise, false.</param>
        </member>
        <member name="M:TraceConfigTool.TraceConfigControl.InitializeComponent">
            <summary> 
            Required method for Designer support - do not modify 
            the contents of this method with the code editor.
            </summary>
        </member>
        <member name="M:TraceConfigTool.TraceSwitchesControl.FindClosestSibilingGridItem(System.Windows.Forms.GridItem)">
            <summary>
            Finds the closest sibling grid item to the one provided.  Prefers the one after this one.  If not available, picks the one just
            prior.
            </summary>
            <remarks>
            This method is not suitable for general-purpose use.  It works for our scenario because a) we always have at least one item in the grid and
            b) the items are in a flat list
            </remarks>
            <param name="referenceGridItem"></param>
            <returns></returns>
        </member>
        <member name="F:TraceConfigTool.TraceSwitchesControl.components">
            <summary> 
            Required designer variable.
            </summary>
        </member>
        <member name="M:TraceConfigTool.TraceSwitchesControl.Dispose(System.Boolean)">
            <summary> 
            Clean up any resources being used.
            </summary>
            <param name="disposing">true if managed resources should be disposed; otherwise, false.</param>
        </member>
        <member name="M:TraceConfigTool.TraceSwitchesControl.InitializeComponent">
            <summary> 
            Required method for Designer support - do not modify 
            the contents of this method with the code editor.
            </summary>
        </member>
        <member name="T:TraceConfigTool.XmlMerge">
            <summary>
            Merges two <see cref="T:System.Xml.XmlNode"/> objects.
            </summary>
        </member>
        <member name="M:TraceConfigTool.XmlMerge.Merge(System.Xml.XPath.IXPathNavigable,System.Xml.XPath.IXPathNavigable,System.Boolean)">
            <summary>
            Merges the first XML with the second.
            </summary>
            <param name="first">First XML.</param>
            <param name="second">Second XML.</param>
            <param name="replace">If set to <see langword="true"/> replaces 
            text values from <paramref name="first"/> with the ones in 
            <paramref name="second"/> if nodes are equal.</param>
            <returns>The merged XML.</returns>
        </member>
        <member name="T:TraceConfigTool.XmlMerge.XmlNodeResolver">
            <summary>
            Resolves the dummy URL locations to the parameters received.
            </summary>
        </member>
    </members>
</doc>
