<?xml version="1.0"?>
<doc>
    <assembly>
        <name>CompositeAssemblyTool</name>
    </assembly>
    <members>
        <member name="T:CompositeAssemblyTool.Internal.Compiler">
            <summary>
            This class compiles C# code from CodeDOM generated code
            </summary>
        </member>
        <member name="M:CompositeAssemblyTool.Internal.Compiler.Compile(System.String,System.String,System.Collections.ObjectModel.ReadOnlyCollection{System.String},System.String)">
            <summary>
            This method will compile the code in nameSpace in memory and return the assembly from the compilation
            The assembly can immediately be used to run the stored procedures
            </summary>
            <param name="additionalAssemblyFileNames"></param>
            <param name="outputAssembly"></param>
            <param name="primaryAssemblyFileName"></param>
            <param name="rootNamespace"></param>
            <returns></returns>
        </member>
        <member name="M:CompositeAssemblyTool.Internal.Compiler.GetHelperCode">
            <summary>
            Retrieves the helper functions from the embedded resource xSQL.helperfunctions.cs.
            </summary>
            <returns></returns>
        </member>
        <member name="M:CompositeAssemblyTool.Internal.Compiler.AddIconToList(System.IntPtr,System.IntPtr,System.IntPtr,System.IntPtr)">
            <summary>
            This is the callback that gets called for any icon resources that 
            are found. Create an IconResource object to represent it and an 
            item to the list.
            </summary>
        </member>
        <member name="P:CompositeAssemblyTool.Internal.Compiler.AssemblyFileVersion">
            <summary>
            This is the file version of the compiled assembly (1.2.3.4)
            </summary>
        </member>
        <member name="P:CompositeAssemblyTool.Internal.Compiler.AssemblyVersion">
            <summary>
            This is the assembly version to use when compiling the assembly (1.2.3.4)
            </summary>
        </member>
        <member name="P:CompositeAssemblyTool.Internal.Compiler.AssemblyInformationalVersion">
            <summary>
            This is the assembly version to use when compiling the assembly (1.2.3.4)
            </summary>
        </member>
        <member name="P:CompositeAssemblyTool.Internal.Compiler.AssemblyTitle">
            <summary>
            This is the assembly title to use when compiling the assembly
            </summary>
        </member>
        <member name="P:CompositeAssemblyTool.Internal.Compiler.AssemblyDescription">
            <summary>
            This is the assembly description to use when compiling the assembly
            </summary>
        </member>
        <member name="P:CompositeAssemblyTool.Internal.Compiler.AssemblyConfiguration">
            <summary>
            This is the assembly configuration to use when compiling the assembly
            </summary>
        </member>
        <member name="P:CompositeAssemblyTool.Internal.Compiler.AssemblyCompany">
            <summary>
            This is the assembly company to use when compiling the assembly
            </summary>
        </member>
        <member name="P:CompositeAssemblyTool.Internal.Compiler.AssemblyProduct">
            <summary>
            This is the assembly company to use when compiling the assembly
            </summary>
        </member>
        <member name="P:CompositeAssemblyTool.Internal.Compiler.AssemblyCopyright">
            <summary>
            This is the assembly copyright to use when compiling the assembly
            </summary>
        </member>
        <member name="P:CompositeAssemblyTool.Internal.Compiler.AssemblyTrademark">
            <summary>
            This is the assembly trademark to use when compiling the assembly
            </summary>
        </member>
        <member name="P:CompositeAssemblyTool.Internal.Compiler.AssemblyCulture">
            <summary>
            This is the assembly culture to use when compiling the assembly
            </summary>
        </member>
        <member name="P:CompositeAssemblyTool.Internal.Compiler.KeyfileName">
            <summary>
            This is the location of the keyfile to use.
            </summary>
        </member>
        <member name="P:CompositeAssemblyTool.Internal.Compiler.Win32IconFileName">
            <summary>
            This is the location of the icon file to use.
            </summary>
        </member>
        <member name="T:CompositeAssemblyTool.Internal.IconImage">
            <summary>
            The IconImage class represents a single image in an IconResource.
            </summary>
        </member>
        <member name="M:CompositeAssemblyTool.Internal.IconImage.#ctor(CompositeAssemblyTool.Internal.Library,System.IntPtr)">
            <summary>
            Creates a new IconImage object to represent a RT_ICON resource.
            </summary>
            <param name="library">The library that contains the resource.</param>
            <param name="resourceName">The name of the resource.</param>
        </member>
        <member name="M:CompositeAssemblyTool.Internal.IconImage.WriteDirectoryEntry(System.IO.BinaryWriter,System.UInt32)">
            <summary>
            Writes the directory entry to the stream.
            </summary>
        </member>
        <member name="M:CompositeAssemblyTool.Internal.IconImage.WriteImage(System.IO.BinaryWriter)">
            <summary>
            Writes the image data to the stream.
            </summary>
        </member>
        <member name="P:CompositeAssemblyTool.Internal.IconImage.Size">
            <summary>
            Gets the size of the icon image.
            </summary>
        </member>
        <member name="T:CompositeAssemblyTool.Internal.IconResource">
            <summary>
            The IconResource class represents an icon resource. Normally when you 
            load an icon the operating system returns an icon image targeted to 
            the current display. The IconResource class contains all the images in
            the icon resource.
            </summary>
        </member>
        <member name="M:CompositeAssemblyTool.Internal.IconResource.#ctor(CompositeAssemblyTool.Internal.Library,System.IntPtr)">
            <summary>
            Create an IconResource object to represent the icon resource in the
            given library.
            </summary>
        </member>
        <member name="M:CompositeAssemblyTool.Internal.IconResource.Save(System.String)">
            <summary>
            Saves the icon resource to a .ICO file.
            </summary>
        </member>
        <member name="M:CompositeAssemblyTool.Internal.IconResource.GetDirectoryEntry(CompositeAssemblyTool.Internal.NativeMethods.MEMICONDIR*,System.UInt16)">
            <summary>
            Helper function get the icon directory entry at the given index.
            </summary>
        </member>
        <member name="M:CompositeAssemblyTool.Internal.IconResource.WriteHeader(System.IO.BinaryWriter)">
            <summary>
            Writes the .ICO file header data to the stream.
            </summary>
        </member>
        <member name="M:CompositeAssemblyTool.Internal.IconResource.WriteDirectoryEntries(System.IO.BinaryWriter)">
            <summary>
            Writes the icon directory entries to the stream.
            </summary>
        </member>
        <member name="M:CompositeAssemblyTool.Internal.IconResource.WriteImages(System.IO.BinaryWriter)">
            <summary>
            Writes the icon image data to the stream.
            </summary>
        </member>
        <member name="M:CompositeAssemblyTool.Internal.IconResource.GetIcoImageOffset(System.Int32)">
            <summary>
            Gets the offset of the image data from the beginning of the .ICO 
            file. This is used by WriteDirectoryEntries to write the icon 
            directory entries.
            </summary>
        </member>
        <member name="P:CompositeAssemblyTool.Internal.IconResource.Text">
            <summary>
            Gets the name of the resource as a string.
            </summary>
        </member>
        <member name="T:CompositeAssemblyTool.Internal.Library">
            <summary>
            The Library class allows you to load unmanaged libraries, such as 
            executables and dynamic-link libraries.
            </summary>
        </member>
        <member name="M:CompositeAssemblyTool.Internal.Library.#ctor(System.String,System.UInt32)">
            <summary>
            Maps the specified module into the address space of the calling 
            process. The module will be freed when the Library object is 
            disposed.
            </summary>
        </member>
        <member name="M:CompositeAssemblyTool.Internal.Library.#ctor(System.IntPtr,System.Boolean)">
            <summary>
            Creates a Library object attached to the given module. If 
            bTakeOwnership is true the module will be freed when the Library 
            object is disposed.
            </summary>
        </member>
        <member name="M:CompositeAssemblyTool.Internal.Library.Finalize">
            <summary>
            Frees the underlying module.
            </summary>
        </member>
        <member name="M:CompositeAssemblyTool.Internal.Library.Dispose">
            <summary>
            Frees the underlying module.
            </summary>
        </member>
        <member name="M:CompositeAssemblyTool.Internal.Library.Free">
            <summary>
            Decrements the reference count of the loaded module if the Library 
            object owns it.
            </summary>
        </member>
        <member name="M:CompositeAssemblyTool.Internal.Library.EnumResourceNames(System.IntPtr,CompositeAssemblyTool.Internal.NativeMethods.EnumResNameProc,System.IntPtr)">
            <summary>
            Searches the library for each resource of the specified type and 
            passes either the name or the ID of each resource it locates to the
            delegate.
            </summary>
        </member>
        <member name="M:CompositeAssemblyTool.Internal.Library.FindResource(System.IntPtr,System.IntPtr)">
            <summary>
            Determines the location of a resource with the specified type and 
            name.
            </summary>
        </member>
        <member name="M:CompositeAssemblyTool.Internal.Library.LoadResource(System.IntPtr)">
            <summary>
            Loads the specified resource into memory.
            </summary>
        </member>
        <member name="M:CompositeAssemblyTool.Internal.Library.SizeofResource(System.IntPtr)">
            <summary>
            Gets the size, in bytes, of the specified resource.
            </summary>
        </member>
        <member name="M:CompositeAssemblyTool.Internal.Library.LockResource(System.IntPtr)">
            <summary>
            Locks the specified resource in memory.
            </summary>
        </member>
        <member name="M:CompositeAssemblyTool.Internal.Library.LoadIcon(System.IntPtr)">
            <summary>
            Loads the specified icon resource from the library.
            </summary>
        </member>
        <member name="P:CompositeAssemblyTool.Internal.Library.Handle">
            <summary>
            Gets a handle to the underlying module.
            </summary>
        </member>
        <member name="T:CompositeAssemblyTool.Internal.NativeMethods">
            <summary>
            Contains definitions of common unmanaged Win32 API functions, 
            constants, and structures. For more information see the Platform SDK
            documentation.
            </summary>
        </member>
        <member name="M:CompositeAssemblyTool.Internal.NativeMethods.ThrowLastWin32Error">
            <summary>
            ThrowLastError is a helper function to translate Win32 error codes
            into exceptions that can be handled by managed code. It is 
            conceptually the same as the following C++ code:
            
                throw HRESULT_FROM_WIN32(::GetLastError());
            
            </summary>
        </member>
        <member name="T:CompositeAssemblyTool.Internal.NativeMethods.MEMICONDIRENTRY">
            <summary>
            MEMICONDIRENTRY helps to defines the memory layout of a 
            RT_GROUP_ICON resource. In particular its wId member indicates the
            RT_ICON resource for the directory entry.
            </summary>
        </member>
        <member name="T:CompositeAssemblyTool.Internal.NativeMethods.MEMICONDIR">
            <summary>
            MEMICONDIR defines the memory layout of a RT_GROUP_ICON Win32
            resource.
            </summary>
        </member>
        <member name="T:CompositeAssemblyTool.Internal.NativeMethods.FILEICONDIRENTRY">
            <summary>
            FILEICONDIRENTRY defines the peristent format of an icon directory 
            entry in a .ICO file.
            </summary>
        </member>
    </members>
</doc>
