<?xml version="1.0"?>
<doc>
    <assembly>
        <name>TraceTest</name>
    </assembly>
    <members>
        <member name="F:Sage.CM.Core.LinkedSource.LibraryConstants.LibrarySetId">
            <summary>
            The library set ID for the library.
            </summary>
        </member>
        <member name="F:Sage.CM.Core.LinkedSource.LibraryConstants.LibraryName">
            <summary>
            The library name for the library.
            </summary>
        </member>
        <member name="F:Sage.CM.Core.LinkedSource.LibraryConstants.LibraryVersion">
            <summary>
            The library version for the library in "major.minor" format.
            </summary>
        </member>
        <member name="M:Sage.CM.Core.LinkedSource.LibraryConstants.LibraryAssemblyFullName(System.String)">
            <summary>
            The full-name of an assembly in the Sage CM\Core library.
            </summary>
            <param name="assemblyDisplayName">The display name of the assembly</param>
            <returns>The assembly full-name as in:  &lt;Display Name&gt;,&lt;Version&gt;,&lt;Culture&gt;,&lt;PublicKey Token&gt;</returns>
        </member>
        <member name="M:Sage.CM.Core.LinkedSource.LibraryConstants.VersionSpecific.LibraryApplicationDataFolder(System.String)">
            <summary>
            The path to the version-specific Application Data folder for this library.
            
            [Runtime Files]\Documents and Settings\All Users\Application Data\Sage\&lt;LibrarySetId&gt;\&lt;Library Name&gt;\&lt;LibraryVersion&gt;
            </summary>
            <param name="sharedConfigLocation">The shared config location (typically supplied by Sage.Configuration.LibraryManager.SharedConfigLocation (Sage.LS2.Core.LibraryManager.dll)</param>
        </member>
        <member name="M:Sage.CM.Core.LinkedSource.LibraryConstants.VersionSpecific.LibraryCommonFilesFolder(System.String)">
            <summary>
            The path to the version-specific Common Files folder for this library.
            
            [Runtime Files]\Common Files\Sage\&lt;LibrarySetId&gt;\&lt;Library Name&gt;\&lt;LibraryVersion&gt;
            </summary>
            <param name="sharedLibrariesLocation">The shared libraries location (typically supplied by Sage.Configuration.LibraryManager.SharedLibrariesLocation (Sage.LS2.Core.LibraryManager.dll)</param>
        </member>
        <member name="P:Sage.CM.Core.LinkedSource.LibraryConstants.VersionSpecific.LibraryRelativePath">
            <summary>
            A version-specific relative path for this library.
            
            &lt;LibrarySetId&gt;\&lt;Library Name&gt;\&lt;LibraryVersion&gt;
            </summary>
        </member>
        <member name="P:Sage.CM.Core.LinkedSource.LibraryConstants.VersionSpecific.LibraryRegistryKeyName">
            <summary>
            The name of the version-specific registry key name for this library.
            
            SOFTWARE\Sage\&lt;LibrarySetId&gt;\&lt;Library Name&gt;\&lt;LibraryVersion&gt;
            </summary>
        </member>
        <member name="M:Sage.CM.Core.LinkedSource.LibraryConstants.VersionIndependent.LibraryApplicationDataFolder(System.String)">
            <summary>
            The path to the version-independent Application Data folder for this library.
            
            [Runtime Files]\Documents and Settings\All Users\Application Data\Sage\&lt;LibrarySetId&gt;\&lt;Library Name&gt;
            </summary>
            <param name="sharedConfigLocation">The shared config location (typically supplied by Sage.Configuration.LibraryManager.SharedConfigLocation (Sage.LS2.Core.LibraryManager.dll)</param>
        </member>
        <member name="M:Sage.CM.Core.LinkedSource.LibraryConstants.VersionIndependent.LibraryCommonFilesFolder(System.String)">
            <summary>
            The path to the version-independent Common Files folder for this library.
            
            [Runtime Files]\Common Files\Sage\&lt;LibrarySetId&gt;\&lt;Library Name&gt;
            </summary>
            <param name="sharedLibrariesLocation">The shared libraries location (typically supplied by Sage.Configuration.LibraryManager.SharedLibrariesLocation (Sage.LS2.Core.LibraryManager.dll)</param>
        </member>
        <member name="P:Sage.CM.Core.LinkedSource.LibraryConstants.VersionIndependent.LibraryRelativePath">
            <summary>
            A version-independent relative path for this library.
            
            &lt;LibrarySetId&gt;\&lt;Library Name&gt;
            </summary>
        </member>
        <member name="P:Sage.CM.Core.LinkedSource.LibraryConstants.VersionIndependent.LibraryRegistryKeyName">
            <summary>
            The name of the version-independent registry key name for this library.
            
            SOFTWARE\Sage\&lt;LibrarySetId&gt;\&lt;Library Name&gt;
            </summary>
        </member>
        <member name="T:TraceTest.Class1">
            <summary>
            Summary description for Class1.
            </summary>
        </member>
        <member name="M:TraceTest.Class1.#cctor">
            <summary>
            Static constructor to initialize the LibraryManager prior to any other members or field initialization being JIT-compiled and used.
            </summary>
            <remarks>
            This is needed becuase, in theory, the only Sage assembly that can be successfully found may be
            Sage.CRE.LibraryManagement.dll until the LibraryManager is initialized.
            </remarks>
        </member>
        <member name="M:TraceTest.Class1.Main(System.String[])">
            <summary>
            The main entry point for the application.
            </summary>
        </member>
    </members>
</doc>
