<?xml version="1.0" encoding="utf-8"?>
<LibraryConfigTool>
  <!--
  Common Sandbox Config

  This file is processed by the LibraryConfigTool (located in the
  %SAGE_SANDBOX%\Tools\Bin folder). It contains information common to all Software
  Libraries.
  
  See http://orbdevtfs/Sites/Architecture/Technology/LibraryConfigTool/All%20Pages/Home.aspx
  for documentation information about the tool and its usage of XML configuration files.
  -->

  <!--
  Define values of variables for use in this and other shared config XML
  files.  Variables may be expressed in terms of other variables.
  
  NOTE:  System::SandboxDir is hard-coded to the value of the SAGE_SANDBOX environment
  variable.
  -->
  <Variables>

    <Variable Name="AssembliesDir"                        Value="$(System::SandboxDir)\Assemblies" />
    <Variable Name="BuildDir"                             Value="$(System::SandboxDir)\Build" />
    <Variable Name="LibrariesDir"                         Value="$(System::SandboxDir)\Libraries" />
    <Variable Name="RuntimeFilesDir"                      Value="$(System::SandboxDir)\Runtime Files" />
    <Variable Name="ToolsDir"                             Value="$(System::SandboxDir)\Tools" />
    <Variable Name="ToolsBinDir"                          Value="$(ToolsDir)\Bin" />
    <Variable Name="TLBsDir"                              Value="$(System::SandboxDir)\TLBs" />
    <Variable Name="InstallBinariesDir"                   Value="$(System::SandboxDir)\Install\Binaries" />
    <Variable Name="DeploymentsDir"                       Value="$(System::SandboxDir)\Deployments" />
    <Variable Name="ProgramFilesDir"                      Value="$(RuntimeFilesDir)\Program Files" />
    <Variable Name="RuntimeFilesGacDir"                   Value="$(RuntimeFilesDir)\GAC" />
    <Variable Name="RuntimeFilesSystemDir"                Value="$(RuntimeFilesDir)\WINDOWS\System32" />
    <Variable Name="DocsAndSettingsDir"                   Value="$(RuntimeFilesDir)\Documents and Settings" />
    <Variable Name="CommonFilesDir"                       Value="$(ProgramFilesDir)\Common Files" />
    <Variable Name="CommonFilesSageDir"                   Value="$(CommonFilesDir)\Sage" />
    <Variable Name="LibrarySetRuntimeFilesDir"            Value="$(CommonFilesSageDir)\$(LibrarySetId)" />
    <Variable Name="AllUsersDir"                          Value="$(DocsAndSettingsDir)\All Users" />
    <Variable Name="AllUsersApplicationDataDir"           Value="$(AllUsersDir)\Application Data" />
    <Variable Name="LibrarySetAllUsersApplicationDataDir" Value="$(AllUsersApplicationDataDir)\Sage\$(LibrarySetId)" />
    <Variable Name="LibraryDir"                           Value="$(LibrariesDir)\$(LibrarySetId)\$(LibraryName)" />
    <Variable Name="LibraryDeploymentDir"                 Value="$(LibraryDir)\Deployment" />

    <!-- Defines the directory where all source index symbols are dropped for easy publication -->
    <Variable Name="SymbolsDropDir"                       Value="$(System::SandboxDir)\Symbols" />
    
    <!--
    Clients must define LibraryRuntimeFilesDir & LibraryAllUsersApplicationDataDir.
    This is typically done at the Library or LibrarySet level.  Examples of typical definitions are

    Version-specific:
    <Variable Name="LibraryRuntimeFilesDir"               Value="$(LibrarySetRuntimeFilesDir)\$(LibraryName)\$(LibraryVersion)" />
    <Variable Name="LibraryAllUsersApplicationDataDir"    Value="$(LibrarySetAllUsersApplicationDataDir)\$(LibraryName)\$(LibraryVersion)" />

    Version-independent:
    <Variable Name="LibraryRuntimeFilesDir"               Value="$(LibrarySetRuntimeFilesDir)\$(LibraryName)" />
    <Variable Name="LibraryAllUsersApplicationDataDir"    Value="$(LibrarySetAllUsersApplicationDataDir)\$(LibraryName)" />
    -->

    <Variable Name="SparkExe"                             Value="$(ToolsBinDir)\Spark.exe" />
    <Variable Name="CandleExe"                            Value="$(ToolsBinDir)\WiX38\Candle.exe" />
    <Variable Name="LightExe"                             Value="$(ToolsBinDir)\WiX38\Light.exe" />
    <Variable Name="LitExe"                               Value="$(ToolsBinDir)\WiX38\Lit.exe" />
    <Variable Name="RegexRunnerExe"                       Value="$(ToolsBinDir)\RegexRunner.exe" />
    <Variable Name="FB60Dir"                              Value="$(Environment::Registry::HKEY_LOCAL_MACHINE\SOFTWARE\VSoft\FinalBuilder\6.0\Directory)" />
    <Variable Name="FB60CmdExe"                           Value="$(FB60Dir)\fbcmd.exe" />
    <Variable Name="FB60Exe"                              Value="$(Environment::Registry::HKEY_LOCAL_MACHINE\SOFTWARE\VSoft\FinalBuilder\6.0\Location)" />
    <Variable Name="FB70Dir"                              Value="$(Environment::Registry::HKEY_LOCAL_MACHINE\SOFTWARE\VSoft\FinalBuilder\7.0\Directory)" />
    <Variable Name="FB70CmdExe"                           Value="$(FB70Dir)\fbcmd.exe" />
    <Variable Name="FB70Exe"                              Value="$(Environment::Registry::HKEY_LOCAL_MACHINE\SOFTWARE\VSoft\FinalBuilder\7.0\Location)" />
    <Variable Name="MSBuild35Exe"                         Value="$(Environment::Variable::WINDIR)\Microsoft.NET\Framework\v3.5\MSBuild.exe" />
    <Variable Name="MSBuild40Exe"                         Value="$(Environment::Variable::WINDIR)\Microsoft.NET\Framework\v4.0.30319\MSBuild.exe" />
    <Variable Name="CmdExe"                               Value="$(Environment::Variable::WINDIR)\system32\cmd.exe"/>
    <Variable Name="LibraryConfigToolExe"                 Value="$(ToolsBinDir)\LibraryConfigTool.exe"/>


  </Variables>

</LibraryConfigTool>
