<?xml version="1.0"?>
<doc>
    <assembly>
        <name>DevBoxCleaner</name>
    </assembly>
    <members>
        <member name="P:DevBoxCleaner.Internal.EngineOptions.ExemptPaths">
            <summary>
            Gets a list of files or directories that are exempt from cleaning.
            </summary>
        </member>
        <member name="F:DevBoxCleaner.Internal.MainForm.components">
            <summary>
            Required designer variable.
            </summary>
        </member>
        <member name="M:DevBoxCleaner.Internal.MainForm.Dispose(System.Boolean)">
            <summary>
            Clean up any resources being used.
            </summary>
            <param name="disposing">true if managed resources should be disposed; otherwise, false.</param>
        </member>
        <member name="M:DevBoxCleaner.Internal.MainForm.InitializeComponent">
            <summary>
            Required method for Designer support - do not modify
            the contents of this method with the code editor.
            </summary>
        </member>
        <member name="F:DevBoxCleaner.Internal.SandboxFilesCleaner._exemptFiles">
            <summary>
            The list of files to exempt from cleaning.
            </summary>
        </member>
        <member name="F:DevBoxCleaner.Internal.SandboxFilesCleaner._exemptDirectories">
            <summary>
            The set of directories to exempt from cleaning.
            </summary>
        </member>
        <member name="F:DevBoxCleaner.Internal.SandboxFilesCleaner._location">
            <summary>
            The starting path or location.
            </summary>
        </member>
        <member name="M:DevBoxCleaner.Program.Main">
            <summary>
            The main entry point for the application.
            </summary>
        </member>
        <member name="T:DevBoxCleaner.Properties.Resources">
            <summary>
              A strongly-typed resource class, for looking up localized strings, etc.
            </summary>
        </member>
        <member name="P:DevBoxCleaner.Properties.Resources.ResourceManager">
            <summary>
              Returns the cached ResourceManager instance used by this class.
            </summary>
        </member>
        <member name="P:DevBoxCleaner.Properties.Resources.Culture">
            <summary>
              Overrides the current thread's CurrentUICulture property for all
              resource lookups using this strongly typed resource class.
            </summary>
        </member>
    </members>
</doc>
