<?xml version="1.0"?>
<doc>
    <assembly>
        <name>CSProjCleaner</name>
    </assembly>
    <members>
        <member name="F:CSProjCleaner.Internal.MainForm.components">
            <summary>
            Required designer variable.
            </summary>
        </member>
        <member name="M:CSProjCleaner.Internal.MainForm.Dispose(System.Boolean)">
            <summary>
            Clean up any resources being used.
            </summary>
            <param name="disposing">true if managed resources should be disposed; otherwise, false.</param>
        </member>
        <member name="M:CSProjCleaner.Internal.MainForm.InitializeComponent">
            <summary>
            Required method for Designer support - do not modify
            the contents of this method with the code editor.
            </summary>
        </member>
        <member name="F:CSProjCleaner.Internal.OptionsControl.components">
            <summary> 
            Required designer variable.
            </summary>
        </member>
        <member name="M:CSProjCleaner.Internal.OptionsControl.Dispose(System.Boolean)">
            <summary> 
            Clean up any resources being used.
            </summary>
            <param name="disposing">true if managed resources should be disposed; otherwise, false.</param>
        </member>
        <member name="M:CSProjCleaner.Internal.OptionsControl.InitializeComponent">
            <summary> 
            Required method for Designer support - do not modify 
            the contents of this method with the code editor.
            </summary>
        </member>
        <member name="T:CSProjCleaner.Program">
            <summary>Required comment for publically available class </summary>
        </member>
    </members>
</doc>
