<?xml version="1.0" encoding="utf-8"?>
<LibraryConfigTool>
  <!--
  Library Config File

  This file is processed by the LibraryConfigTool (located in the
  %SAGE_SANDBOX%\Tools\Bin folder). It contains information specific to this
  Library.
  
  See http://orbdevtfs/Sites/Architecture/Technology/LibraryConfigTool/All%20Pages/Home.aspx
  for documentation information about the tool and its usage of XML configuration files.
  -->

  <!-- 
  Reference other shared config XML files.
  
  NOTE:  Unlike other attributes in the library config, no variables other than
         $(System::SandboxDir) may be used in this particular Path attribute.
  -->
  <Includes>
    <Include Path="$(System::SandboxDir)\Libraries\CM\LibraryConfig-LibrarySet.xml" />
    <Include Path="$(System::SandboxDir)\Build\LibraryConfig-CommonCreateDeployment.xml" />
    <Include Path="$(System::SandboxDir)\Build\LibraryConfig-CommonLibraryPreBuild.xml" />
    <Include Path="$(System::SandboxDir)\Build\LibraryConfig-CommonCreateBuildScript.xml" />
    <Include Path="$(System::SandboxDir)\Build\LibraryConfig-CommonCreateVersionStampFileList.xml" />
    <Include Path="$(System::SandboxDir)\Build\LibraryConfig-CommonCreateCheckInFileList.xml" />
    <Include Path="$(System::SandboxDir)\Build\LibraryConfig-CommonPackage.xml" />
  </Includes>

  <!-- Describes the other Libraries that this Library is dependent upon. -->
  <References>
    <Reference LibrarySetId="Sandbox" LibraryName="Tools" />
    <Reference LibrarySetId="CM" LibraryName="Microsoft" />
    <Reference LibrarySetId="CM" LibraryName="NUnit" />
  </References>

  <!--
  Define values of variables for use in this and other shared config XML
  files.  Variables may be expressed in terms of other variables.
  -->
  <Variables>

    <Variable Name="LibraryName"      Value="Core" />
    <Variable Name="LibraryVersion"   Value="4.5" />

    <!-- This file will be used by the build driver to create the build script; used by LibraryConfig-CommonCreateBuildScript.xml -->
    <Variable Name="BuildScriptFile" Value="$(LibraryDir)\$(LibrarySetId)_$(LibraryName).fbp7"/>

    <!-- Needed by LibraryConfig-CommonCreateDeployment.xml
    NOTE:  as an install best practice, these guids should ALWAYS be UPPERCASE (no lowercase characters).  This practice
    prevents any when/if these 128-bit hexadecimal integers have case-sensitive comparisons performed on them.
    -->
    <Variable Name="LibraryTestInstallerProductGuid"     Value="0D206B3E-142A-47F7-A4F3-F3E8A7C1DC38"/>
    <Variable Name="LibraryTestInstallerUpgradeCodeGuid" Value="0CD3BD17-93F3-44BD-BAF2-371EEE5BF65F"/>

    <CollectionVariable Name="WXSIconElements">
    </CollectionVariable>

  </Variables>

  <!-- Describes the the build-time attributes of the targets in this library. -->
  <BuildInfo>

    <Solution Path="$(LibraryDir)\Sage.CRE.Core\Sage.CRE.Core.sln" Platform="Any CPU">
      <Target Name="Sage.CRE.Core.PInvoke">
        <Setting Name="GacUtil" Value="true" />
        <Setting Name="LibraryRuntimeFilesDir" Value="$(RuntimeFilesGacDir)" />
        <Setting Name="Installed" Value="true"/>
      </Target>
      <Target Name="Sage.CRE.Core">
        <Setting Name="GacUtil" Value="true" />
        <Setting Name="LibraryRuntimeFilesDir" Value="$(RuntimeFilesGacDir)" />
        <Setting Name="Installed" Value="true"/>
      </Target>
      <Target Name="Sage.CRE.Core.LibraryManagement">
        <Setting Name="GacUtil" Value="true" />
        <Setting Name="LibraryRuntimeFilesDir" Value="$(RuntimeFilesGacDir)" />
        <Setting Name="Installed" Value="true"/>
      </Target>
      <Target Name="Sage.CRE.Core.TraceListeners">
        <Setting Name="GacUtil" Value="true" />
        <Setting Name="LibraryRuntimeFilesDir" Value="$(RuntimeFilesGacDir)" />
      </Target>
      <Target Name="TraceConfigTool">
        <Setting Name="TargetFileExtension" Value=".exe" />
      </Target>
      <Target Name="TraceTest">
        <Setting Name="TargetFileExtension" Value=".exe" />
      </Target>
      <Target Name="Sage.CRE.Core.SQL">
        <Setting Name="GacUtil" Value="true" />
        <Setting Name="LibraryRuntimeFilesDir" Value="$(RuntimeFilesGacDir)" />
        <Setting Name="Installed" Value="true"/>
      </Target>
      <Target Name="Sage.CRE.Core.UI">
        <Setting Name="GacUtil" Value="true" />
        <Setting Name="LibraryRuntimeFilesDir" Value="$(RuntimeFilesGacDir)" />
        <Setting Name="Installed" Value="true"/>
      </Target>
      <Target Name="Sage.CRE.Core.UI.Wpf">
        <Setting Name="GacUtil" Value="true" />
        <Setting Name="LibraryRuntimeFilesDir" Value="$(RuntimeFilesGacDir)" />
        <Setting Name="Installed" Value="true"/>
        <Setting Name="CopyXmlDocFile" Value="false"/>
        
      </Target>
      <Target Name="Sage.CRE.Core.UI.Wpf.Sample">
        <Setting Name="TargetFileExtension" Value=".exe" />
        <Setting Name="Installed" Value="false"/>
        <Setting Name="CopyXmlDocFile" Value="false"/>
      </Target>

      <Target Name="Sage.CRE.Core.WpfApplicationFramework">
        <Setting Name="GacUtil" Value="true" />
        <Setting Name="LibraryRuntimeFilesDir" Value="$(RuntimeFilesGacDir)" />
        <Setting Name="Installed" Value="true"/>
        <Setting Name="CopyXmlDocFile" Value="false"/>
      </Target>

      <Target Name="Sage.CRE.Core.WpfApplicationFramework.UnitTesting">
        <Setting Name="GacUtil" Value="true" />
        <Setting Name="LibraryRuntimeFilesDir" Value="$(RuntimeFilesGacDir)" />
        <Setting Name="Installed" Value="false"/>
        <Setting Name="CopyXmlDocFile" Value="false"/>
      </Target>

      <Target Name="Sage.CRE.Core.WpfApplicationFramework.Test">
        <Setting Name="Installed" Value="false"/>
        <Setting Name="CopyXmlDocFile" Value="false"/>
      </Target>

      <Target Name="Sage.CRE.Core.Test">
        <Setting Name="Installed" Value="false"/>
        <Setting Name="CopyXmlDocFile" Value="false"/>
      </Target>

      <Target Name="Sage.CRE.Core.LibraryManagement.Test">
        <Setting Name="Installed" Value="false"/>
        <Setting Name="CopyXmlDocFile" Value="false"/>
      </Target>
    </Solution>

  </BuildInfo>

  <FileGroups>
    <!-- 
    Exclude expressions are ';'-delimited lists of file exculsion specifications.  Format can include:
      - complete filename;  (path is relative from the source directory)
      
           E.g., SomeDirectory\ExcludeMe.txt
           
      - file spec with wildcards;  (path is relative from the source directory)
      
           E.g., SomeDirectory\SomeOtherDirectory\Excl?deMe.txt
           
      - either a complete filename or a file spec prefixed with additional path information

           E.g., **\SomeOtherDirectory\Excl?deMe.txt (exclude anything like Excl?deMe.txt whose path ends in SomeOtherDirectory)
    -->

    <!-- Non-target files that should be included in packages intended for end-users -->
    <FileGroup Id="EndUser">
    </FileGroup>

    <!-- Non-target files that should be included in packages intended for Developers -->
    <FileGroup Id="Developer">
      <AddFiles SourceDir="$(DeploymentsDir)" FileSpec="$(LibraryInstallFileName).wixlib" />
      <AddFiles SourceDir="$(DeploymentsDir)" FileSpec="$(LibraryInstallFileName)_Test.msi" />
      <AddFiles SourceDir="$(LibraryDir)"  FileSpec="$(LibrarySetId)_$(LibraryName).fbp7" />

      <AddFiles SourceDir="$(LibrariesDir)\$(LibrarySetId)\LinkedSource" FileSpec="*.*" Recursive="true" />
    </FileGroup>

    <!-- The UnitTest file group contains additional file necessary to run unit tests.  Intended to be laid down on top of an install.-->
    <FileGroup Id="UnitTest">
    </FileGroup>

    <!-- These files will be version stamped by the build driver during production builds; used by LibraryConfig-CommonCreateVersionStampFileList.xml -->
    <FileGroup Id="VersionStampFiles">
      <AddFile FileName="$(LibraryDir)\LinkedSource\AssemblyAttributes.cs" />
    </FileGroup>

    <!-- These files will be checked-in by the build driver during production builds; used by LibraryConfig-CommonCreateCheckInFileList.xml -->
    <FileGroup Id="CheckInFiles">
      <AddFiles SourceDir="$(LibraryDir)" FileSpec="LibraryConfig-WXSComponentGuids-*.xml" Recursive="false" FailIfMissing="false" />
    </FileGroup>
  </FileGroups>

  <Actions>
    <Action Id="SandboxActivate">
      <CallAction ActionId="SandboxActivate" Path="$(System::SandboxDir)\Build\LibraryConfig-CommonSandboxActivate.xml" />

      <!-- Do not create the default FolderRedirect.xml file if DisableFolderRedirectCreation exists and is set to true.  This
      logic exists so that newer projects can take control of the FolderRedirect-creation behavior themselves rather 
      then letting CRE\Core activation do it.
      -->
      <WithLocalVariable Name="Optional_DisableFolderRedirectCreation" Value="BooleanTest(IsVariableDefined(DisableFolderRedirectCreation) AND $(DisableFolderRedirectCreation))">
        <WithLocalVariable Name="DoFolderRedirect" Value="!BooleanTest($(Optional_DisableFolderRedirectCreation))">

          <If Test="'true'=='$(DoFolderRedirect)'">

            <Emit Id="FolderRedirectXml" Type="xml" Path="$(Environment::Registry::HKEY_LOCAL_MACHINE\SOFTWARE\Microsoft\Windows\CurrentVersion\Explorer\User Shell Folders\Common AppData)\Sage\FolderRedirect.xml">
              <EmitData EmitId="FolderRedirectXml">
                <![CDATA[
<FolderRedirect>
  <SharedLibraries Location="$(CommonFilesSageDir)" />
  <SharedDocuments Location="$(AllUsersDir)\Shared Documents" />
  <SharedConfiguration Location="$(AllUsersApplicationDataDir)\Sage" />
  <UserConfigurationBase Location="$(DocsAndSettingsDir)" />
  <CommonProgramFiles Location="$(CommonFilesDir)" />
</FolderRedirect>
          ]]>
              </EmitData>
            </Emit>
          </If>
        </WithLocalVariable>
      </WithLocalVariable>
    </Action>
  </Actions>

</LibraryConfigTool>
