<?xml version="1.0" encoding="utf-8"?>
<LibraryConfigTool>
  <!--
  Library Config File

  This file is processed by the LibraryConfigTool (located in the
  %SAGE_SANDBOX%\Tools\Bin folder). It contains information specific to this
  Library.
  
  See http://orbdevtfs/Sites/Architecture/Technology/LibraryConfigTool/All%20Pages/Home.aspx
  for documentation information about the tool and its usage of XML configuration files.
  -->

  <!-- 
  Reference other shared config XML files.
  
  NOTE:  Unlike other attributes in the library config, no variables other than
         $(System::SandboxDir) may be used in this particular Path attribute.
  -->
  <Includes>
    <Include Path="$(System::SandboxDir)\Libraries\Sandbox\LibraryConfig-LibrarySet.xml" />
  </Includes>

  <!-- Describes the other Libraries that this Library is dependent upon. -->
  <References>
  </References>

  <!--
  Define values of variables for use in this and other shared config XML
  files.  Variables may be expressed in terms of other variables.
  -->
  <Variables>

    <Variable Name="LibraryName"      Value="Tools" />
    <Variable Name="LibraryVersion"   Value="4.5" />

    <Variable Name="LibraryRuntimeFilesDir"        Value="$(ToolsDir)\Bin" Override="true"/>

    <!-- This file will be used by the build driver to create the build script; used by LibraryConfig-CommonCreateBuildScript.xml -->
    <Variable Name="BuildScriptFile" Value="$(LibraryDir)\$(LibrarySetId)_$(LibraryName).fbp7"/>

    <!-- WXSIconElements collection; needed by LibraryConfig-CommonCreateDeploymentCore.xml -->
    <CollectionVariable Name="WXSIconElements">
    </CollectionVariable>

  </Variables>

  <TargetGroups>

    <TargetGroup Id="Test">
    </TargetGroup>

    <TargetGroup Id="Internal">

      <Target Name="LibraryConfigTool">
        <Setting Name="TargetFileExtension" Value=".exe" />
        <Setting Name="UseConfigurationNameDir" Value="false" />
        <Setting Name="EmbedManifest" Value="false"/>
        <Setting Name="DigitallySign" Value="false"/>
      </Target>

      <Target Name="DevBoxCleaner">
        <Setting Name="TargetFileExtension" Value=".exe" />
        <Setting Name="EmbedManifest" Value="false" />
        <Setting Name="EmbedAdminManifest" Value="true" />
      </Target>

      <Target Name="DevBoxCleaner-Console">
        <Setting Name="TargetFileExtension" Value=".exe" />
      </Target>

      <Target Name="CultureShockConsole">
        <Setting Name="TargetFileExtension" Value=".exe" />
      </Target>

      <Target Name="UpdateBuildDefinition">
        <Setting Name="TargetFileExtension" Value=".exe" />
      </Target>

      <Target Name="Sage.LibraryManagementInstall">
        <Setting Name="CopyToLibraryRuntimeFilesDir" Value="false" />
        <Setting Name="UseConfigurationNameDir" Value="false" />
      </Target>

      <Target Name="Sage.LibraryManagementInstall_Test">
        <Setting Name="CopyToLibraryRuntimeFilesDir" Value="false" />
        <Setting Name="UseConfigurationNameDir" Value="false" />
      </Target>

      <Target Name="CompositeAssemblyTool">
        <Setting Name="TargetFileExtension" Value=".exe" />
      </Target>

      <Target Name="RegexRunner">
        <Setting Name="TargetFileExtension" Value=".exe" />
      </Target>

      <Target Name="Spark">
        <Setting Name="TargetFileExtension" Value=".exe" />
      </Target>

      <Target Name="CSProjCleaner">
        <Setting Name="TargetFileExtension" Value=".exe" />
      </Target>

      <Target Name="FinalBuilderLogScanner">
        <Setting Name="TargetFileExtension" Value=".exe" />
      </Target>

      <Target Name="Injector">
        <Setting Name="TargetFileExtension" Value=".exe" />
      </Target>

      <Target Name="ComRegRemap">
      </Target>

      <Target Name="CompressionBase64Encoder">
        <Setting Name="TargetFileExtension" Value=".exe"/>
        <Setting Name="Installed" Value="false"/>
        <Setting Name="CopyXmlDocFile" Value="false"/>
      </Target>

      <Target Name="SymbolTool">
        <Setting Name="TargetFileExtension" Value=".exe" />
      </Target>

    </TargetGroup>

  </TargetGroups>

  <FileGroups>
    <!-- 
    Exclude expressions are ';'-delimited lists of file exculsion specifications.  Format can include:
      - complete filename;  (path is relative from the source directory)
      
           E.g., SomeDirectory\ExcludeMe.txt
           
      - file spec with wildcards;  (path is relative from the source directory)
      
           E.g., SomeDirectory\SomeOtherDirectory\Excl?deMe.txt
           
      - either a complete filename or a file spec prefixed with additional path information

           E.g., **\SomeOtherDirectory\Excl?deMe.txt (exclude anything like Excl?deMe.txt whose path ends in SomeOtherDirectory)
    -->

    <!-- Non-target files that should be included in packages intended for end-users -->
    <FileGroup Id="EndUser-Server">
    </FileGroup>

    <FileGroup Id="EndUser-Common">
    </FileGroup>

    <FileGroup Id="EndUser-Client">
    </FileGroup>

    <FileGroup Id="EndUser">
      <AddFilesFromCollection CollectionName="System::FileGroups::EndUser-Server"/>
      <AddFilesFromCollection CollectionName="System::FileGroups::EndUser-Common"/>
      <AddFilesFromCollection CollectionName="System::FileGroups::EndUser-Client"/>
    </FileGroup>

    <!-- Non-target files that should be included in packages intended for Developers -->
    <FileGroup Id="Developer">
      <AddFiles SourceDir="$(DeploymentsDir)" FileSpec="$(LibraryInstallFileName).wixlib" />
      <AddFiles SourceDir="$(DeploymentsDir)" FileSpec="$(LibraryInstallFileName)_Test.msi" />
      <AddFiles SourceDir="$(LibraryDir)" FileSpec="$(LibrarySetId)_$(LibraryName).fbp7" />

      <AddFiles SourceDir="$(System::SandboxDir)" FileSpec="LibraryConfig-Sandbox.xml" />

      <AddFiles SourceDir="$(BuildDir)" FileSpec="*.*" Recursive="true">
        <Exclude Expression="*.fbv;*.fb6lck;*.fbl6;*.fbpInf;*.fb7lck;*.fbl7" />
      </AddFiles>

      <AddFiles SourceDir="$(ToolsDir)\Bin" FileSpec="CSProjCleanerHere-Install.reg" />
      <AddFiles SourceDir="$(ToolsDir)\Bin" FileSpec="ICSharpCode.SharpZipLib.dll" />
      <AddFiles SourceDir="$(ToolsDir)\Bin" FileSpec="MspView.exe" />
      <AddFiles SourceDir="$(ToolsDir)\Bin" FileSpec="regtlib.exe" />
      <AddFiles SourceDir="$(ToolsDir)\Bin" FileSpec="Sage Sandbox Command Prompt.lnk" />
      <AddFiles SourceDir="$(ToolsDir)\Bin" FileSpec="setx.exe" />
      <AddFiles SourceDir="$(ToolsDir)\Bin" FileSpec="mage.exe" />
      <AddFiles SourceDir="$(ToolsDir)\Bin" FileSpec="mageui.exe" />
      <AddFiles SourceDir="$(ToolsDir)\Bin" FileSpec="UICC.exe" />
      <AddFiles SourceDir="$(ToolsDir)\Bin" FileSpec="UICC.xsd" />
      <AddFiles SourceDir="$(ToolsDir)\Bin" FileSpec="UICCDLL.dll" />
      <AddFiles SourceDir="$(ToolsDir)\Bin\DebugView" FileSpec="*.*" Recursive="true" />
      <AddFiles SourceDir="$(ToolsDir)\Bin\WiX38" FileSpec="*.*" Recursive="true" />
      <AddFiles SourceDir="$(ToolsDir)\Program Files" FileSpec="*.*" Recursive="true" />
      <AddFiles SourceDir="$(ToolsDir)\StyleCop" FileSpec="*.*" Recursive="true" />
    </FileGroup>

    <!-- The UnitTest file group contains additional file necessary to run unit tests.  Intended to be laid down on top of an install.-->
    <FileGroup Id="UnitTest">
    </FileGroup>

    <!-- These files will be version stamped by the build driver during production builds; used by LibraryConfig-CommonCreateVersionStampFileList.xml -->
    <FileGroup Id="VersionStampFiles">
      <AddFile FileName="$(LibraryDir)\LinkedSource\AssemblyAttributes.cs" />
    </FileGroup>

    <!-- These files will be checked-in by the build driver during production builds; used by LibraryConfig-CommonCreateCheckInFileList.xml -->
    <FileGroup Id="CheckInFiles">
      <AddFiles SourceDir="$(LibraryDir)" FileSpec="LibraryConfig-WXSComponentGuids-*.xml" Recursive="false" FailIfMissing="false" />
    </FileGroup>

  </FileGroups>

  <Actions>

    <Action Id="CreateDeployment">

      <CallAction ActionId="CreateDeployment" Path="$(BuildDir)\LibraryConfig-CommonCreateDeploymentCore.xml">
        <WithParam Name="Param_LibraryInstallFileName" Value="Sage.$(LibrarySetId).$(LibraryName)"/>
        <WithParam Name="Param_LibraryTestInstallerProductGuid" Value="F9D0F94C-4B7F-48A5-BE3F-E582443F02BB"/>
        <WithParam Name="Param_LibraryTestInstallerUpgradeCodeGuid" Value="F9D0F94C-4B7F-48A5-BE3F-E582443F02BB"/>
        <WithParam Name="Param_Description" Value="Sage $(LibrarySetId) $(LibraryName)"/>
        <WithParam Name="Param_WXSIconElementsCollectionName" Value="WXSIconElements"/>
        <WithParam Name="Param_EndUserFileGroupCollectionName" Value="System::FileGroups::EndUser"/>
        <WithParam Name="Param_TargetsToPackageCollectionName" Value="System::TargetGroups::Internal"/>
        <WithParam Name="Param_SageProgramsMenuFolderWXSDirectoryId" Value="DIR_PMF_Sage"/>
      </CallAction>
    </Action>

    <!-- Uses PostBuild defined in LibraryConfig-LibrarySet.xml (included above). -->
    <Action Id="PostBuild" RequiresTarget="true" OnFailureAction="PostBuild_OnFailure">
    </Action>
  </Actions>

</LibraryConfigTool>
