<?xml version="1.0"?>
<doc>
    <assembly>
        <name>CultureShockConsole</name>
    </assembly>
    <members>
        <member name="T:CultureShock.StringsCustomerFacing">
            <summary>
              A strongly-typed resource class, for looking up localized strings, etc.
            </summary>
        </member>
        <member name="P:CultureShock.StringsCustomerFacing.ResourceManager">
            <summary>
              Returns the cached ResourceManager instance used by this class.
            </summary>
        </member>
        <member name="P:CultureShock.StringsCustomerFacing.Culture">
            <summary>
              Overrides the current thread's CurrentUICulture property for all
              resource lookups using this strongly typed resource class.
            </summary>
        </member>
        <member name="P:CultureShock.StringsCustomerFacing.AlteredEmbeddedResource">
            <summary>
              Looks up a localized string similar to Repaired EmbeddedResource {0} in file {1}.
            </summary>
        </member>
        <member name="P:CultureShock.StringsCustomerFacing.Console_AddedFileToProject_Label">
            <summary>
              Looks up a localized string similar to Added file : {0} to project {1}.
            </summary>
        </member>
        <member name="P:CultureShock.StringsCustomerFacing.Console_LocalizableFlagSetToFalse_MessageInstruction">
            <summary>
              Looks up a localized string similar to ERROR: {0} has the Localizable bit set to false--skipping.
            </summary>
        </member>
        <member name="P:CultureShock.StringsCustomerFacing.Console_LocalizedFileExists_MessageInstruction">
            <summary>
              Looks up a localized string similar to ERROR: {0} already exists.  Delete it to process {1}.
            </summary>
        </member>
        <member name="P:CultureShock.StringsCustomerFacing.Console_PressEnterToExit_MessageInstruction">
            <summary>
              Looks up a localized string similar to Press [Enter] to exit.
            </summary>
        </member>
        <member name="P:CultureShock.StringsCustomerFacing.Console_ProcessedFile_Label">
            <summary>
              Looks up a localized string similar to Processed file : {0}.
            </summary>
        </member>
        <member name="P:CultureShock.StringsCustomerFacing.Console_ResxFileDoesntExist_MessageInstruction">
            <summary>
              Looks up a localized string similar to ERROR {0} doesn&apos;t exist.  Create it it to process {1}.
            </summary>
        </member>
        <member name="P:CultureShock.StringsCustomerFacing.Console_UsageCultureShockConsoleUsage_MessageInstruction">
            <summary>
              Looks up a localized string similar to Usage:  CultureShockConsole.exe RootDirectory.
            </summary>
        </member>
        <member name="T:CultureShock.StringsDiagnostic">
            <summary>
              A strongly-typed resource class, for looking up localized strings, etc.
            </summary>
        </member>
        <member name="P:CultureShock.StringsDiagnostic.ResourceManager">
            <summary>
              Returns the cached ResourceManager instance used by this class.
            </summary>
        </member>
        <member name="P:CultureShock.StringsDiagnostic.Culture">
            <summary>
              Overrides the current thread's CurrentUICulture property for all
              resource lookups using this strongly typed resource class.
            </summary>
        </member>
        <member name="T:CultureShock.StringsNoTran">
            <summary>
              A strongly-typed resource class, for looking up localized strings, etc.
            </summary>
        </member>
        <member name="P:CultureShock.StringsNoTran.ResourceManager">
            <summary>
              Returns the cached ResourceManager instance used by this class.
            </summary>
        </member>
        <member name="P:CultureShock.StringsNoTran.Culture">
            <summary>
              Overrides the current thread's CurrentUICulture property for all
              resource lookups using this strongly typed resource class.
            </summary>
        </member>
        <member name="P:CultureShock.StringsNoTran.Asterisk">
            <summary>
              Looks up a localized string similar to *.
            </summary>
        </member>
        <member name="P:CultureShock.StringsNoTran.DirectoryDelimiter">
            <summary>
              Looks up a localized string similar to \.
            </summary>
        </member>
        <member name="P:CultureShock.StringsNoTran.Dot">
            <summary>
              Looks up a localized string similar to ..
            </summary>
        </member>
        <member name="P:CultureShock.StringsNoTran.EmbeddedResource">
            <summary>
              Looks up a localized string similar to EmbeddedResource.
            </summary>
        </member>
        <member name="P:CultureShock.StringsNoTran.Include">
            <summary>
              Looks up a localized string similar to Include.
            </summary>
        </member>
        <member name="P:CultureShock.StringsNoTran.KeySuffixToSkip_Anchor">
            <summary>
              Looks up a localized string similar to .Anchor.
            </summary>
        </member>
        <member name="P:CultureShock.StringsNoTran.KeySuffixToSkip_AutoScaleBaseSize">
            <summary>
              Looks up a localized string similar to .AutoScaleBaseSize.
            </summary>
        </member>
        <member name="P:CultureShock.StringsNoTran.KeySuffixToSkip_AutoScaleDimensions">
            <summary>
              Looks up a localized string similar to .AutoScaleDimensions.
            </summary>
        </member>
        <member name="P:CultureShock.StringsNoTran.KeySuffixToSkip_AutoSize">
            <summary>
              Looks up a localized string similar to .AutoSize.
            </summary>
        </member>
        <member name="P:CultureShock.StringsNoTran.KeySuffixToSkip_AutoSizeMode">
            <summary>
              Looks up a localized string similar to .AutoSizeMode.
            </summary>
        </member>
        <member name="P:CultureShock.StringsNoTran.KeySuffixToSkip_BackgroundImageLayout">
            <summary>
              Looks up a localized string similar to .BackgroundImageLayout.
            </summary>
        </member>
        <member name="P:CultureShock.StringsNoTran.KeySuffixToSkip_ButtonImage">
            <summary>
              Looks up a localized string similar to .ButtonImage.
            </summary>
        </member>
        <member name="P:CultureShock.StringsNoTran.KeySuffixToSkip_Caption">
            <summary>
              Looks up a localized string similar to .Caption.
            </summary>
        </member>
        <member name="P:CultureShock.StringsNoTran.KeySuffixToSkip_CheckAlign">
            <summary>
              Looks up a localized string similar to .CheckAlign.
            </summary>
        </member>
        <member name="P:CultureShock.StringsNoTran.KeySuffixToSkip_ClientSize">
            <summary>
              Looks up a localized string similar to .ClientSize.
            </summary>
        </member>
        <member name="P:CultureShock.StringsNoTran.KeySuffixToSkip_ColumnCount">
            <summary>
              Looks up a localized string similar to .ColumnCount.
            </summary>
        </member>
        <member name="P:CultureShock.StringsNoTran.KeySuffixToSkip_Dock">
            <summary>
              Looks up a localized string similar to .Dock.
            </summary>
        </member>
        <member name="P:CultureShock.StringsNoTran.KeySuffixToSkip_DrawGrid">
            <summary>
              Looks up a localized string similar to .DrawGrid.
            </summary>
        </member>
        <member name="P:CultureShock.StringsNoTran.KeySuffixToSkip_EmptyText">
            <summary>
              Looks up a localized string similar to .EmptyText.
            </summary>
        </member>
        <member name="P:CultureShock.StringsNoTran.KeySuffixToSkip_Enabled">
            <summary>
              Looks up a localized string similar to .Enabled.
            </summary>
        </member>
        <member name="P:CultureShock.StringsNoTran.KeySuffixToSkip_FlatStyle">
            <summary>
              Looks up a localized string similar to .FlatStyle.
            </summary>
        </member>
        <member name="P:CultureShock.StringsNoTran.KeySuffixToSkip_Font">
            <summary>
              Looks up a localized string similar to .Font.
            </summary>
        </member>
        <member name="P:CultureShock.StringsNoTran.KeySuffixToSkip_Icon">
            <summary>
              Looks up a localized string similar to .Icon.
            </summary>
        </member>
        <member name="P:CultureShock.StringsNoTran.KeySuffixToSkip_Image">
            <summary>
              Looks up a localized string similar to .Image.
            </summary>
        </member>
        <member name="P:CultureShock.StringsNoTran.KeySuffixToSkip_ImageAlign">
            <summary>
              Looks up a localized string similar to .ImageAlign.
            </summary>
        </member>
        <member name="P:CultureShock.StringsNoTran.KeySuffixToSkip_ImageDistance">
            <summary>
              Looks up a localized string similar to .ImageDistance.
            </summary>
        </member>
        <member name="P:CultureShock.StringsNoTran.KeySuffixToSkip_ImageIndex">
            <summary>
              Looks up a localized string similar to .ImageIndex.
            </summary>
        </member>
        <member name="P:CultureShock.StringsNoTran.KeySuffixToSkip_ImageScaling">
            <summary>
              Looks up a localized string similar to .ImageScaling.
            </summary>
        </member>
        <member name="P:CultureShock.StringsNoTran.KeySuffixToSkip_ImageStream">
            <summary>
              Looks up a localized string similar to .ImageStream.
            </summary>
        </member>
        <member name="P:CultureShock.StringsNoTran.KeySuffixToSkip_ImeMode">
            <summary>
              Looks up a localized string similar to .ImeMode.
            </summary>
        </member>
        <member name="P:CultureShock.StringsNoTran.KeySuffixToSkip_ItemHeight">
            <summary>
              Looks up a localized string similar to .ItemHeight.
            </summary>
        </member>
        <member name="P:CultureShock.StringsNoTran.KeySuffixToSkip_Items">
            <summary>
              Looks up a localized string similar to .Items.
            </summary>
        </member>
        <member name="P:CultureShock.StringsNoTran.KeySuffixToSkip_Items1">
            <summary>
              Looks up a localized string similar to .Items1.
            </summary>
        </member>
        <member name="P:CultureShock.StringsNoTran.KeySuffixToSkip_Items10">
            <summary>
              Looks up a localized string similar to .Items10.
            </summary>
        </member>
        <member name="P:CultureShock.StringsNoTran.KeySuffixToSkip_Items11">
            <summary>
              Looks up a localized string similar to .Items11.
            </summary>
        </member>
        <member name="P:CultureShock.StringsNoTran.KeySuffixToSkip_Items2">
            <summary>
              Looks up a localized string similar to .Items2.
            </summary>
        </member>
        <member name="P:CultureShock.StringsNoTran.KeySuffixToSkip_Items3">
            <summary>
              Looks up a localized string similar to .Items3.
            </summary>
        </member>
        <member name="P:CultureShock.StringsNoTran.KeySuffixToSkip_Items4">
            <summary>
              Looks up a localized string similar to .Items4.
            </summary>
        </member>
        <member name="P:CultureShock.StringsNoTran.KeySuffixToSkip_Items5">
            <summary>
              Looks up a localized string similar to .Items5.
            </summary>
        </member>
        <member name="P:CultureShock.StringsNoTran.KeySuffixToSkip_Items6">
            <summary>
              Looks up a localized string similar to .Items6.
            </summary>
        </member>
        <member name="P:CultureShock.StringsNoTran.KeySuffixToSkip_Items7">
            <summary>
              Looks up a localized string similar to .Items7.
            </summary>
        </member>
        <member name="P:CultureShock.StringsNoTran.KeySuffixToSkip_Items8">
            <summary>
              Looks up a localized string similar to .Items8.
            </summary>
        </member>
        <member name="P:CultureShock.StringsNoTran.KeySuffixToSkip_Items9">
            <summary>
              Looks up a localized string similar to .Items9.
            </summary>
        </member>
        <member name="P:CultureShock.StringsNoTran.KeySuffixToSkip_ItemSize">
            <summary>
              Looks up a localized string similar to .ItemSize.
            </summary>
        </member>
        <member name="P:CultureShock.StringsNoTran.KeySuffixToSkip_LayoutSettings">
            <summary>
              Looks up a localized string similar to .LayoutSettings.
            </summary>
        </member>
        <member name="P:CultureShock.StringsNoTran.KeySuffixToSkip_Localizable">
            <summary>
              Looks up a localized string similar to .Localizable.
            </summary>
        </member>
        <member name="P:CultureShock.StringsNoTran.KeySuffixToSkip_Location">
            <summary>
              Looks up a localized string similar to .Location.
            </summary>
        </member>
        <member name="P:CultureShock.StringsNoTran.KeySuffixToSkip_Margin">
            <summary>
              Looks up a localized string similar to .Margin.
            </summary>
        </member>
        <member name="P:CultureShock.StringsNoTran.KeySuffixToSkip_MaxDropDownItems">
            <summary>
              Looks up a localized string similar to .MaxDropDownItems.
            </summary>
        </member>
        <member name="P:CultureShock.StringsNoTran.KeySuffixToSkip_MaximumSize">
            <summary>
              Looks up a localized string similar to .MaximumSize.
            </summary>
        </member>
        <member name="P:CultureShock.StringsNoTran.KeySuffixToSkip_MaxLength">
            <summary>
              Looks up a localized string similar to .MaxLength.
            </summary>
        </member>
        <member name="P:CultureShock.StringsNoTran.KeySuffixToSkip_MinimumSize">
            <summary>
              Looks up a localized string similar to .MinimumSize.
            </summary>
        </member>
        <member name="P:CultureShock.StringsNoTran.KeySuffixToSkip_Modifiers">
            <summary>
              Looks up a localized string similar to .Modifiers.
            </summary>
        </member>
        <member name="P:CultureShock.StringsNoTran.KeySuffixToSkip_Multiline">
            <summary>
              Looks up a localized string similar to .Multiline.
            </summary>
        </member>
        <member name="P:CultureShock.StringsNoTran.KeySuffixToSkip_Name">
            <summary>
              Looks up a localized string similar to .Name.
            </summary>
        </member>
        <member name="P:CultureShock.StringsNoTran.KeySuffixToSkip_OcxState">
            <summary>
              Looks up a localized string similar to .OcxState.
            </summary>
        </member>
        <member name="P:CultureShock.StringsNoTran.KeySuffixToSkip_Padding">
            <summary>
              Looks up a localized string similar to .Padding.
            </summary>
        </member>
        <member name="P:CultureShock.StringsNoTran.KeySuffixToSkip_Parent">
            <summary>
              Looks up a localized string similar to .Parent.
            </summary>
        </member>
        <member name="P:CultureShock.StringsNoTran.KeySuffixToSkip_PasswordChar">
            <summary>
              Looks up a localized string similar to .PasswordChar.
            </summary>
        </member>
        <member name="P:CultureShock.StringsNoTran.KeySuffixToSkip_RightToLeft">
            <summary>
              Looks up a localized string similar to .RightToLeft.
            </summary>
        </member>
        <member name="P:CultureShock.StringsNoTran.KeySuffixToSkip_RowCount">
            <summary>
              Looks up a localized string similar to .RowCount.
            </summary>
        </member>
        <member name="P:CultureShock.StringsNoTran.KeySuffixToSkip_ScrollBars">
            <summary>
              Looks up a localized string similar to .ScrollBars.
            </summary>
        </member>
        <member name="P:CultureShock.StringsNoTran.KeySuffixToSkip_SelectedImageIndex">
            <summary>
              Looks up a localized string similar to .SelectedImageIndex.
            </summary>
        </member>
        <member name="P:CultureShock.StringsNoTran.KeySuffixToSkip_Size">
            <summary>
              Looks up a localized string similar to .Size.
            </summary>
        </member>
        <member name="P:CultureShock.StringsNoTran.KeySuffixToSkip_SizeMode">
            <summary>
              Looks up a localized string similar to .SizeMode.
            </summary>
        </member>
        <member name="P:CultureShock.StringsNoTran.KeySuffixToSkip_SnapToGrid">
            <summary>
              Looks up a localized string similar to .SnapToGrid.
            </summary>
        </member>
        <member name="P:CultureShock.StringsNoTran.KeySuffixToSkip_SplitterDistance">
            <summary>
              Looks up a localized string similar to .SplitterDistance.
            </summary>
        </member>
        <member name="P:CultureShock.StringsNoTran.KeySuffixToSkip_StartPosition">
            <summary>
              Looks up a localized string similar to .StartPosition.
            </summary>
        </member>
        <member name="P:CultureShock.StringsNoTran.KeySuffixToSkip_TabIndex">
            <summary>
              Looks up a localized string similar to .TabIndex.
            </summary>
        </member>
        <member name="P:CultureShock.StringsNoTran.KeySuffixToSkip_Text">
            <summary>
              Looks up a localized string similar to .Text.
            </summary>
        </member>
        <member name="P:CultureShock.StringsNoTran.KeySuffixToSkip_TextAlign">
            <summary>
              Looks up a localized string similar to .TextAlign.
            </summary>
        </member>
        <member name="P:CultureShock.StringsNoTran.KeySuffixToSkip_TextImageRelation">
            <summary>
              Looks up a localized string similar to .TextImageRelation.
            </summary>
        </member>
        <member name="P:CultureShock.StringsNoTran.KeySuffixToSkip_TextImageResolution">
            <summary>
              Looks up a localized string similar to .TextImageResolution.
            </summary>
        </member>
        <member name="P:CultureShock.StringsNoTran.KeySuffixToSkip_ToolTip">
            <summary>
              Looks up a localized string similar to .ToolTip.
            </summary>
        </member>
        <member name="P:CultureShock.StringsNoTran.KeySuffixToSkip_ToolTipText">
            <summary>
              Looks up a localized string similar to .ToolTipText.
            </summary>
        </member>
        <member name="P:CultureShock.StringsNoTran.KeySuffixToSkip_TotalText">
            <summary>
              Looks up a localized string similar to .TotalText.
            </summary>
        </member>
        <member name="P:CultureShock.StringsNoTran.KeySuffixToSkip_TrayLocation">
            <summary>
              Looks up a localized string similar to .TrayLocation.
            </summary>
        </member>
        <member name="P:CultureShock.StringsNoTran.KeySuffixToSkip_Type">
            <summary>
              Looks up a localized string similar to .Type.
            </summary>
        </member>
        <member name="P:CultureShock.StringsNoTran.KeySuffixToSkip_Visible">
            <summary>
              Looks up a localized string similar to .Visible.
            </summary>
        </member>
        <member name="P:CultureShock.StringsNoTran.KeySuffixToSkip_WordWrap">
            <summary>
              Looks up a localized string similar to .WordWrap.
            </summary>
        </member>
        <member name="P:CultureShock.StringsNoTran.KeySuffixToSkip_ZOrder">
            <summary>
              Looks up a localized string similar to .ZOrder.
            </summary>
        </member>
        <member name="P:CultureShock.StringsNoTran.LocalizeableFlagKeyName">
            <summary>
              Looks up a localized string similar to $this.Localizable.
            </summary>
        </member>
        <member name="P:CultureShock.StringsNoTran.ProjectFileExtension">
            <summary>
              Looks up a localized string similar to .csproj.
            </summary>
        </member>
        <member name="P:CultureShock.StringsNoTran.ResxExtensionCultureSpecific">
            <summary>
              Looks up a localized string similar to .en-US.resx.
            </summary>
        </member>
        <member name="P:CultureShock.StringsNoTran.ResxExtensionDefault">
            <summary>
              Looks up a localized string similar to .resx.
            </summary>
        </member>
        <member name="P:CultureShock.StringsNoTran.ResxExtensionTranslated">
            <summary>
              Looks up a localized string similar to .localized.resx.
            </summary>
        </member>
        <member name="P:CultureShock.StringsNoTran.SageMMSNamespace">
            <summary>
              Looks up a localized string similar to Sage.MMS.
            </summary>
        </member>
        <member name="P:CultureShock.StringsNoTran.StringsCustomerFacingResx">
            <summary>
              Looks up a localized string similar to StringsCustomerFacing.
            </summary>
        </member>
        <member name="P:CultureShock.StringsNoTran.StringsDiagnosticResx">
            <summary>
              Looks up a localized string similar to StringsDiagnostic.
            </summary>
        </member>
        <member name="P:CultureShock.StringsNoTran.StringsNoTranResx">
            <summary>
              Looks up a localized string similar to StringsNoTran.
            </summary>
        </member>
        <member name="P:CultureShock.StringsNoTran.UnknownExecutableArgument">
            <summary>
              Looks up a localized string similar to /?.
            </summary>
        </member>
    </members>
</doc>
