<?xml version="1.0"?>
<doc>
    <assembly>
        <name>LibraryConfigTool</name>
    </assembly>
    <members>
        <member name="M:LibraryConfigTool.Internal.FunctionEvaluator.IsAssemblyFile(System.String)">
            <summary>
            Returns whether the specified file is a .NET assembly
            </summary>
            <remarks>
            There are some scenarios where need to programmatically check if
            the given file is a .NET assembly or not.  How do we do that?
            One way is to use reflection and try to load that file (assembly).
            
            If the assembly gets loaded, and doesn’t throw any exception, then
            yes, it is a valid .NET assembly.  If it is not a valid file, then
            it will throw a "BadImageFormatException".  The idea of checking
            whether a file is assembly or not by loading it and checking if an
            exception is thrown or not is problematic, however, because it
            that references the assembly has to other assemblies may also need
            to be successfully resolved.
            
            .NET assemblies are regular Win32 PE files.  The operating system
            does not differentiate between .NET assemblies and Win32 executable
            binaries.  They are both "normal" PE files.  So how does the
            Operating System know if this file is a managed assembly and, if so,
            how to load the CLR?
            
            If we go through the ECMA Specifications (Ecma-335:  CLI Partition
            II – Metadata), which is shipped along with .NET SDK, we see that
            there is a separate CLI Header in the PE Format.  It is the 15th
            data directory in the PE Optional Headers. So, in simple terms,
            if we have value in this data directory, then it means that this is
            a valid .NET assembly, otherwise it is not.
            
            http://msdn2.microsoft.com/en-us/netframework/aa569283.aspx
            </remarks>
            <param name="path"></param>
            <returns></returns>
        </member>
        <member name="M:LibraryConfigTool.Internal.IndentedOutput.Dispose">
            <summary>
            Dispose
            </summary>
        </member>
        <member name="M:LibraryConfigTool.Internal.IndentedOutput.Dispose(System.Boolean)">
            <summary>
            Dispose
            </summary>
            <param name="disposing"></param>
        </member>
        <member name="M:LibraryConfigTool.Internal.MainForm.ProcessCmdKey(System.Windows.Forms.Message@,System.Windows.Forms.Keys)">
            <summary>
            
            </summary>
            <param name="msg"></param>
            <param name="keyData"></param>
            <returns></returns>
            <remarks>
            .NET provides no explicit exposure of the WS_GROUP windows style.  Instead,
            for RadioButton group-handling, the .NET framework relies on the radio buttons
            being child controls of a common parent control (e.g., GroupBox or Panel).
            This introduces difficulties when creating a UI which has other controls tightly
            associated (e.g., enabled/disabled) with a radio button.  Difficulties include
            preventing the keyboard navigation arrows from automatically moving the focus
            from the radio buttons to those, tightly associated, non-radio button controls.
            
            Additionally, this reliance upon the "common parent control" to do the radio
            button grouping has an additional undesirable consequence:  it means that we
            cannot use separate panels to do our control layout for each radio button.
            
            Our workaround is to not use the .NET framework's automatic radio button group
            handling.  Instead we handle the keyboard navigation and auto-deselection
            of associated radio buttons ourselves.
            </remarks>
        </member>
        <member name="F:LibraryConfigTool.Internal.MainForm.components">
            <summary>
            Required designer variable.
            </summary>
        </member>
        <member name="M:LibraryConfigTool.Internal.MainForm.Dispose(System.Boolean)">
            <summary>
            Clean up any resources being used.
            </summary>
            <param name="disposing">true if managed resources should be disposed; otherwise, false.</param>
        </member>
        <member name="M:LibraryConfigTool.Internal.MainForm.InitializeComponent">
            <summary>
            Required method for Designer support - do not modify
            the contents of this method with the code editor.
            </summary>
        </member>
        <member name="T:LibraryConfigTool.Internal.StrongNameSignature">
            <summary>
            Used to obtain the file offset and the size of the strong name signature
            and the strong name data directory
            http://www.grimes.demon.co.uk/workshops/fusionWSCrackThree.htm
            </summary>
        </member>
        <member name="M:LibraryConfigTool.Internal.ConfigInfo.#ctor(System.String)">
            <summary>
            Construct an instance of the ConfigInfo class
            </summary>
            <param name="configFile"></param>
        </member>
        <member name="M:LibraryConfigTool.Internal.ConfigInfo.#ctor(System.String,System.Collections.ObjectModel.ReadOnlyCollection{System.Collections.Generic.KeyValuePair{System.String,System.String}})">
            <summary>
            Construct an instance of the ConfigInfo class
            </summary>
            <param name="configFile"></param>
            <param name="variables"></param>
        </member>
        <member name="P:LibraryConfigTool.Internal.ConfigInfo.ConfigFile">
            <summary>
            Return the name and path of the library config file used to populate this object
            </summary>
        </member>
        <member name="T:LibraryConfigTool.Internal.Constants">
            <summary>
              A strongly-typed resource class, for looking up localized strings, etc.
            </summary>
        </member>
        <member name="P:LibraryConfigTool.Internal.Constants.ResourceManager">
            <summary>
              Returns the cached ResourceManager instance used by this class.
            </summary>
        </member>
        <member name="P:LibraryConfigTool.Internal.Constants.Culture">
            <summary>
              Overrides the current thread's CurrentUICulture property for all
              resource lookups using this strongly typed resource class.
            </summary>
        </member>
        <member name="P:LibraryConfigTool.Internal.Constants.ActionElement">
            <summary>
              Looks up a localized string similar to Action.
            </summary>
        </member>
        <member name="P:LibraryConfigTool.Internal.Constants.ActionIdAttribute">
            <summary>
              Looks up a localized string similar to ActionId.
            </summary>
        </member>
        <member name="P:LibraryConfigTool.Internal.Constants.ActionsExpression">
            <summary>
              Looks up a localized string similar to //LibraryConfigTool/Actions.
            </summary>
        </member>
        <member name="P:LibraryConfigTool.Internal.Constants.ActiveDirectoryPathToIISRoot">
            <summary>
              Looks up a localized string similar to IIS://localhost/W3SVC/1/ROOT.
            </summary>
        </member>
        <member name="P:LibraryConfigTool.Internal.Constants.AddFileElement">
            <summary>
              Looks up a localized string similar to AddFile.
            </summary>
        </member>
        <member name="P:LibraryConfigTool.Internal.Constants.AddFilesElement">
            <summary>
              Looks up a localized string similar to AddFiles.
            </summary>
        </member>
        <member name="P:LibraryConfigTool.Internal.Constants.AddFilesFromCollectionElement">
            <summary>
              Looks up a localized string similar to AddFilesFromCollection.
            </summary>
        </member>
        <member name="P:LibraryConfigTool.Internal.Constants.AppendTextFileElement">
            <summary>
              Looks up a localized string similar to AppendTextFile.
            </summary>
        </member>
        <member name="P:LibraryConfigTool.Internal.Constants.ArgumentsAttribute">
            <summary>
              Looks up a localized string similar to Arguments.
            </summary>
        </member>
        <member name="P:LibraryConfigTool.Internal.Constants.AsmVersionAttribute">
            <summary>
              Looks up a localized string similar to AsmVersion.
            </summary>
        </member>
        <member name="P:LibraryConfigTool.Internal.Constants.AssembliesSageLS1LibraryManagementDll">
            <summary>
              Looks up a localized string similar to Assemblies\Sage.LS1.LibraryManagement.dll.
            </summary>
        </member>
        <member name="P:LibraryConfigTool.Internal.Constants.BuildInfoExpression">
            <summary>
              Looks up a localized string similar to //LibraryConfigTool/BuildInfo/*.
            </summary>
        </member>
        <member name="P:LibraryConfigTool.Internal.Constants.CallActionElement">
            <summary>
              Looks up a localized string similar to CallAction.
            </summary>
        </member>
        <member name="P:LibraryConfigTool.Internal.Constants.CollectionAttribute">
            <summary>
              Looks up a localized string similar to Collection.
            </summary>
        </member>
        <member name="P:LibraryConfigTool.Internal.Constants.CollectionVariablesExpression">
            <summary>
              Looks up a localized string similar to //LibraryConfigTool/Variables/CollectionVariable.
            </summary>
        </member>
        <member name="P:LibraryConfigTool.Internal.Constants.CopyDirectoryElement">
            <summary>
              Looks up a localized string similar to CopyDirectory.
            </summary>
        </member>
        <member name="P:LibraryConfigTool.Internal.Constants.CopyFileElement">
            <summary>
              Looks up a localized string similar to CopyFile.
            </summary>
        </member>
        <member name="P:LibraryConfigTool.Internal.Constants.CopyFilesElement">
            <summary>
              Looks up a localized string similar to CopyFiles.
            </summary>
        </member>
        <member name="P:LibraryConfigTool.Internal.Constants.CreateVirtualDirectoryElement">
            <summary>
              Looks up a localized string similar to CreateIISVirtualDirectory.
            </summary>
        </member>
        <member name="P:LibraryConfigTool.Internal.Constants.DefaultTargetSettingsElement">
            <summary>
              Looks up a localized string similar to DefaultTargetSettings.
            </summary>
        </member>
        <member name="P:LibraryConfigTool.Internal.Constants.DeleteFilesElement">
            <summary>
              Looks up a localized string similar to DeleteFiles.
            </summary>
        </member>
        <member name="P:LibraryConfigTool.Internal.Constants.DestinationDirAttribute">
            <summary>
              Looks up a localized string similar to DestinationDir.
            </summary>
        </member>
        <member name="P:LibraryConfigTool.Internal.Constants.DestinationFileAttribute">
            <summary>
              Looks up a localized string similar to DestinationFile.
            </summary>
        </member>
        <member name="P:LibraryConfigTool.Internal.Constants.DistributeReferencedLibraryManifestsElement">
            <summary>
              Looks up a localized string similar to DistributeReferencedLibraryManifests.
            </summary>
        </member>
        <member name="P:LibraryConfigTool.Internal.Constants.DllRegisterServer">
            <summary>
              Looks up a localized string similar to DllRegisterServer.
            </summary>
        </member>
        <member name="P:LibraryConfigTool.Internal.Constants.ElementExpression">
            <summary>
              Looks up a localized string similar to Element.
            </summary>
        </member>
        <member name="P:LibraryConfigTool.Internal.Constants.EmitDataElement">
            <summary>
              Looks up a localized string similar to EmitData.
            </summary>
        </member>
        <member name="P:LibraryConfigTool.Internal.Constants.EmitElement">
            <summary>
              Looks up a localized string similar to Emit.
            </summary>
        </member>
        <member name="P:LibraryConfigTool.Internal.Constants.EmitIdAttribute">
            <summary>
              Looks up a localized string similar to EmitId.
            </summary>
        </member>
        <member name="P:LibraryConfigTool.Internal.Constants.ExcludeExpression">
            <summary>
              Looks up a localized string similar to Exclude.
            </summary>
        </member>
        <member name="P:LibraryConfigTool.Internal.Constants.ExecuteElement">
            <summary>
              Looks up a localized string similar to Execute.
            </summary>
        </member>
        <member name="P:LibraryConfigTool.Internal.Constants.ExpressionAttribute">
            <summary>
              Looks up a localized string similar to Expression.
            </summary>
        </member>
        <member name="P:LibraryConfigTool.Internal.Constants.FileGroupsExpression">
            <summary>
              Looks up a localized string similar to //LibraryConfigTool/FileGroups/FileGroup.
            </summary>
        </member>
        <member name="P:LibraryConfigTool.Internal.Constants.FileNameAttribute">
            <summary>
              Looks up a localized string similar to FileName.
            </summary>
        </member>
        <member name="P:LibraryConfigTool.Internal.Constants.FileSpecAttribute">
            <summary>
              Looks up a localized string similar to FileSpec.
            </summary>
        </member>
        <member name="P:LibraryConfigTool.Internal.Constants.ForEachElement">
            <summary>
              Looks up a localized string similar to ForEach.
            </summary>
        </member>
        <member name="P:LibraryConfigTool.Internal.Constants.GuidFileAttribute">
            <summary>
              Looks up a localized string similar to GuidFile.
            </summary>
        </member>
        <member name="P:LibraryConfigTool.Internal.Constants.IdAttribute">
            <summary>
              Looks up a localized string similar to Id.
            </summary>
        </member>
        <member name="P:LibraryConfigTool.Internal.Constants.IfElement">
            <summary>
              Looks up a localized string similar to If.
            </summary>
        </member>
        <member name="P:LibraryConfigTool.Internal.Constants.IncludesExpression">
            <summary>
              Looks up a localized string similar to //LibraryConfigTool/Includes/Include.
            </summary>
        </member>
        <member name="P:LibraryConfigTool.Internal.Constants.InitializeLibraries">
            <summary>
              Looks up a localized string similar to InitializeLibraries.
            </summary>
        </member>
        <member name="P:LibraryConfigTool.Internal.Constants.InstallAssemblyToGacElement">
            <summary>
              Looks up a localized string similar to InstallAssemblyToGac.
            </summary>
        </member>
        <member name="P:LibraryConfigTool.Internal.Constants.InstallUtilElement">
            <summary>
              Looks up a localized string similar to InstallUtil.
            </summary>
        </member>
        <member name="P:LibraryConfigTool.Internal.Constants.InteropPathAttribute">
            <summary>
              Looks up a localized string similar to InteropPath.
            </summary>
        </member>
        <member name="P:LibraryConfigTool.Internal.Constants.IterationVariableNameAttribute">
            <summary>
              Looks up a localized string similar to IterationVariableName.
            </summary>
        </member>
        <member name="P:LibraryConfigTool.Internal.Constants.KeyFileAttribute">
            <summary>
              Looks up a localized string similar to KeyFile.
            </summary>
        </member>
        <member name="P:LibraryConfigTool.Internal.Constants.KeyNameAttribute">
            <summary>
              Looks up a localized string similar to KeyName.
            </summary>
        </member>
        <member name="P:LibraryConfigTool.Internal.Constants.LibraryConfigFileField">
            <summary>
              Looks up a localized string similar to _configFile.
            </summary>
        </member>
        <member name="P:LibraryConfigTool.Internal.Constants.LibraryConfigFileName">
            <summary>
              Looks up a localized string similar to LibraryConfig-Library.xml.
            </summary>
        </member>
        <member name="P:LibraryConfigTool.Internal.Constants.LibraryManifestLocationForBinary">
            <summary>
              Looks up a localized string similar to LibraryManifestLocationForBinary.
            </summary>
        </member>
        <member name="P:LibraryConfigTool.Internal.Constants.LibraryNameAttribute">
            <summary>
              Looks up a localized string similar to LibraryName.
            </summary>
        </member>
        <member name="P:LibraryConfigTool.Internal.Constants.LibraryReferencesExpression">
            <summary>
              Looks up a localized string similar to //LibraryConfigTool/LibraryReferences/LibraryReference.
            </summary>
        </member>
        <member name="P:LibraryConfigTool.Internal.Constants.LibrarySetAttribute">
            <summary>
              Looks up a localized string similar to LibrarySet.
            </summary>
        </member>
        <member name="P:LibraryConfigTool.Internal.Constants.LibrarySetIdAttribute">
            <summary>
              Looks up a localized string similar to LibrarySetId.
            </summary>
        </member>
        <member name="P:LibraryConfigTool.Internal.Constants.LibraryVersionAttribute">
            <summary>
              Looks up a localized string similar to LibraryVersion.
            </summary>
        </member>
        <member name="P:LibraryConfigTool.Internal.Constants.MakefileBuildInfoElement">
            <summary>
              Looks up a localized string similar to Makefile.
            </summary>
        </member>
        <member name="P:LibraryConfigTool.Internal.Constants.NameAttribute">
            <summary>
              Looks up a localized string similar to Name.
            </summary>
        </member>
        <member name="P:LibraryConfigTool.Internal.Constants.OverrideAttribute">
            <summary>
              Looks up a localized string similar to Override.
            </summary>
        </member>
        <member name="P:LibraryConfigTool.Internal.Constants.PackageExpression">
            <summary>
              Looks up a localized string similar to //LibraryConfigTool/Package.
            </summary>
        </member>
        <member name="P:LibraryConfigTool.Internal.Constants.PathAttribute">
            <summary>
              Looks up a localized string similar to Path.
            </summary>
        </member>
        <member name="P:LibraryConfigTool.Internal.Constants.PlatformAttribute">
            <summary>
              Looks up a localized string similar to Platform.
            </summary>
        </member>
        <member name="P:LibraryConfigTool.Internal.Constants.PreventClassMembersAttribute">
            <summary>
              Looks up a localized string similar to PreventClassMembers.
            </summary>
        </member>
        <member name="P:LibraryConfigTool.Internal.Constants.PublishManifestElement">
            <summary>
              Looks up a localized string similar to PublishManifest.
            </summary>
        </member>
        <member name="P:LibraryConfigTool.Internal.Constants.RecursiveAttribute">
            <summary>
              Looks up a localized string similar to Recursive.
            </summary>
        </member>
        <member name="P:LibraryConfigTool.Internal.Constants.ReferencesExpression">
            <summary>
              Looks up a localized string similar to //LibraryConfigTool/References/Reference.
            </summary>
        </member>
        <member name="P:LibraryConfigTool.Internal.Constants.RegexReplaceInFileElement">
            <summary>
              Looks up a localized string similar to RegexReplaceInFile.
            </summary>
        </member>
        <member name="P:LibraryConfigTool.Internal.Constants.RegisterAssemblyElement">
            <summary>
              Looks up a localized string similar to RegisterAssembly.
            </summary>
        </member>
        <member name="P:LibraryConfigTool.Internal.Constants.RegSetValueElement">
            <summary>
              Looks up a localized string similar to RegSetValue.
            </summary>
        </member>
        <member name="P:LibraryConfigTool.Internal.Constants.RegSvr32Element">
            <summary>
              Looks up a localized string similar to RegSvr32.
            </summary>
        </member>
        <member name="P:LibraryConfigTool.Internal.Constants.RegTLibElement">
            <summary>
              Looks up a localized string similar to RegTLib.
            </summary>
        </member>
        <member name="P:LibraryConfigTool.Internal.Constants.RemoveVirtualDirectoryElement">
            <summary>
              Looks up a localized string similar to RemoveIISVirtualDirectory.
            </summary>
        </member>
        <member name="P:LibraryConfigTool.Internal.Constants.ReplaceExpressionAttribute">
            <summary>
              Looks up a localized string similar to ReplaceExpression.
            </summary>
        </member>
        <member name="P:LibraryConfigTool.Internal.Constants.RetryCountAttribute">
            <summary>
              Looks up a localized string similar to RetryCount.
            </summary>
        </member>
        <member name="P:LibraryConfigTool.Internal.Constants.SageConfigurationLibraryManager">
            <summary>
              Looks up a localized string similar to Sage.Configuration.LibraryManager.
            </summary>
        </member>
        <member name="P:LibraryConfigTool.Internal.Constants.SearchExpressionAttribute">
            <summary>
              Looks up a localized string similar to SearchExpression.
            </summary>
        </member>
        <member name="P:LibraryConfigTool.Internal.Constants.SettingElement">
            <summary>
              Looks up a localized string similar to Setting.
            </summary>
        </member>
        <member name="P:LibraryConfigTool.Internal.Constants.SolutionBuildInfoElement">
            <summary>
              Looks up a localized string similar to Solution.
            </summary>
        </member>
        <member name="P:LibraryConfigTool.Internal.Constants.SourceDirAttribute">
            <summary>
              Looks up a localized string similar to SourceDir.
            </summary>
        </member>
        <member name="P:LibraryConfigTool.Internal.Constants.SourceFileAttribute">
            <summary>
              Looks up a localized string similar to SourceFile.
            </summary>
        </member>
        <member name="P:LibraryConfigTool.Internal.Constants.SourceFileSpecAttribute">
            <summary>
              Looks up a localized string similar to SourceFileSpec.
            </summary>
        </member>
        <member name="P:LibraryConfigTool.Internal.Constants.StdOutFileAttribute">
            <summary>
              Looks up a localized string similar to StdOutFile.
            </summary>
        </member>
        <member name="P:LibraryConfigTool.Internal.Constants.SuffixesAttribute">
            <summary>
              Looks up a localized string similar to Suffixes.
            </summary>
        </member>
        <member name="P:LibraryConfigTool.Internal.Constants.TargetElement">
            <summary>
              Looks up a localized string similar to Target.
            </summary>
        </member>
        <member name="P:LibraryConfigTool.Internal.Constants.TargetGroupsExpression">
            <summary>
              Looks up a localized string similar to //LibraryConfigTool/TargetGroups/TargetGroup.
            </summary>
        </member>
        <member name="P:LibraryConfigTool.Internal.Constants.TestAttribute">
            <summary>
              Looks up a localized string similar to Test.
            </summary>
        </member>
        <member name="P:LibraryConfigTool.Internal.Constants.TlbExpElement">
            <summary>
              Looks up a localized string similar to TlbExp.
            </summary>
        </member>
        <member name="P:LibraryConfigTool.Internal.Constants.TlbImpElement">
            <summary>
              Looks up a localized string similar to TlbImp.
            </summary>
        </member>
        <member name="P:LibraryConfigTool.Internal.Constants.TypeLibPathAttribute">
            <summary>
              Looks up a localized string similar to TypeLibPath.
            </summary>
        </member>
        <member name="P:LibraryConfigTool.Internal.Constants.UseTemplateElement">
            <summary>
              Looks up a localized string similar to UseTemplate.
            </summary>
        </member>
        <member name="P:LibraryConfigTool.Internal.Constants.Value1Attribute">
            <summary>
              Looks up a localized string similar to Value1.
            </summary>
        </member>
        <member name="P:LibraryConfigTool.Internal.Constants.Value2Attribute">
            <summary>
              Looks up a localized string similar to Value2.
            </summary>
        </member>
        <member name="P:LibraryConfigTool.Internal.Constants.ValueAttribute">
            <summary>
              Looks up a localized string similar to Value.
            </summary>
        </member>
        <member name="P:LibraryConfigTool.Internal.Constants.ValueNameAttribute">
            <summary>
              Looks up a localized string similar to ValueName.
            </summary>
        </member>
        <member name="P:LibraryConfigTool.Internal.Constants.VariablesExpression">
            <summary>
              Looks up a localized string similar to //LibraryConfigTool/Variables/Variable.
            </summary>
        </member>
        <member name="P:LibraryConfigTool.Internal.Constants.VersionAttribute">
            <summary>
              Looks up a localized string similar to Version.
            </summary>
        </member>
        <member name="P:LibraryConfigTool.Internal.Constants.VirtualFolderNameAttribute">
            <summary>
              Looks up a localized string similar to VirtualFolderName.
            </summary>
        </member>
        <member name="P:LibraryConfigTool.Internal.Constants.WithLocalVariableElement">
            <summary>
              Looks up a localized string similar to WithLocalVariable.
            </summary>
        </member>
        <member name="P:LibraryConfigTool.Internal.Constants.WithParamElement">
            <summary>
              Looks up a localized string similar to WithParam.
            </summary>
        </member>
        <member name="P:LibraryConfigTool.Internal.Constants.WorkingDirectoryAttribute">
            <summary>
              Looks up a localized string similar to WorkingDirectory.
            </summary>
        </member>
        <member name="P:LibraryConfigTool.Internal.Constants.WriteLineAttribute">
            <summary>
              Looks up a localized string similar to WriteLine.
            </summary>
        </member>
        <member name="P:LibraryConfigTool.Internal.Constants.WXSFileAttribute">
            <summary>
              Looks up a localized string similar to WXSFile.
            </summary>
        </member>
        <member name="P:LibraryConfigTool.Internal.Constants.WXSPopulateComponentGuidsElement">
            <summary>
              Looks up a localized string similar to WXSPopulateComponentGuids.
            </summary>
        </member>
        <member name="P:LibraryConfigTool.Internal.Constants.WXSRemoveUnusedDirectoryElementsElement">
            <summary>
              Looks up a localized string similar to WXSRemoveUnusedDirectoryElements.
            </summary>
        </member>
        <member name="P:LibraryConfigTool.Internal.Constants.WXSReplaceDirectoryIdTokensElement">
            <summary>
              Looks up a localized string similar to WXSReplaceDirectoryIdTokens.
            </summary>
        </member>
        <member name="P:LibraryConfigTool.Internal.Constants.WXSTransformInstalledFilesToDirectoryStructureElement">
            <summary>
              Looks up a localized string similar to WXSTransformInstalledFilesToDirectoryStructure.
            </summary>
        </member>
        <member name="P:LibraryConfigTool.Internal.Constants.WXSUpdateDirectoriesElement">
            <summary>
              Looks up a localized string similar to WXSUpdateDirectories.
            </summary>
        </member>
        <member name="P:LibraryConfigTool.Internal.Constants.XslTransformElement">
            <summary>
              Looks up a localized string similar to XslTransform.
            </summary>
        </member>
        <member name="P:LibraryConfigTool.Internal.Constants.ZipRootAttribute">
            <summary>
              Looks up a localized string similar to ZipRoot.
            </summary>
        </member>
        <member name="M:LibraryConfigTool.Internal.BatchedOutput.Dispose">
            <summary>
            Dispose
            </summary>
        </member>
        <member name="M:LibraryConfigTool.Internal.BatchedOutput.Dispose(System.Boolean)">
            <summary>
            Dispose
            </summary>
            <param name="disposing"></param>
        </member>
        <member name="T:LibraryConfigTool.Internal.LibraryConfigSchemaException">
            <summary>
            Exception thrown when a schema error is found with library config file
            </summary>
        </member>
        <member name="M:LibraryConfigTool.Internal.LibraryConfigSchemaException.#ctor(System.String,System.String)">
            <summary>
            Construct an instance of the LibraryConfigSchemaException class
            </summary>
            <param name="configFile">The name of the config file that has the schema error</param>
            <param name="errorMessage">Error Message</param>
        </member>
        <member name="M:LibraryConfigTool.Internal.LibraryConfigSchemaException.#ctor(System.String,System.String,System.Exception)">
            <summary>
            Construct an instance of the LibraryConfigSchemaException class
            </summary>
            <param name="configFile">The name of the config file that has the schema error</param>
            <param name="errorMessage">ErrorMessage</param>
            <param name="innerException">An inner exception</param>
        </member>
        <member name="M:LibraryConfigTool.Internal.LibraryConfigSchemaException.#ctor(System.Runtime.Serialization.SerializationInfo,System.Runtime.Serialization.StreamingContext)">
            <summary>
            Serialization Constructor
            </summary>
            <param name="si">Serialization Info</param>
            <param name="sc">Streaming Context</param>
        </member>
        <member name="M:LibraryConfigTool.Internal.LibraryConfigSchemaException.GetObjectData(System.Runtime.Serialization.SerializationInfo,System.Runtime.Serialization.StreamingContext)">
            <summary>
            Serialize the private fields
            </summary>
            <param name="info"></param>
            <param name="context"></param>
        </member>
        <member name="P:LibraryConfigTool.Internal.LibraryConfigSchemaException.ConfigFile">
            <summary>
            Returns the name of the config file that has the schema error
            </summary>
        </member>
        <member name="T:LibraryConfigTool.Internal.MultipleConfigVersionsException">
            <summary>
            Exception thrown when two or more versions of the same library are specified
            </summary>
        </member>
        <member name="M:LibraryConfigTool.Internal.MultipleConfigVersionsException.#ctor(System.String,System.String)">
            <summary>
            Construct an instance of the MultipleLibraryVersionsException class
            </summary>
            <param name="configFile">The full name of the library the has two or more versions specified</param>
            <param name="errorMessage">Error Message</param>
        </member>
        <member name="M:LibraryConfigTool.Internal.MultipleConfigVersionsException.#ctor(System.String,System.String,System.Exception)">
            <summary>
            Construct an instance of the MultipleLibraryVersionsException class
            </summary>
            <param name="configFile">The full name of the library the has two or more versions specified</param>
            <param name="errorMessage">ErrorMessage</param>
            <param name="innerException">An inner exception</param>
        </member>
        <member name="M:LibraryConfigTool.Internal.MultipleConfigVersionsException.#ctor(System.Runtime.Serialization.SerializationInfo,System.Runtime.Serialization.StreamingContext)">
            <summary>
            Serialization Constructor
            </summary>
            <param name="si">Serialization Info</param>
            <param name="sc">Streaming Context</param>
        </member>
        <member name="M:LibraryConfigTool.Internal.MultipleConfigVersionsException.GetObjectData(System.Runtime.Serialization.SerializationInfo,System.Runtime.Serialization.StreamingContext)">
            <summary>
            Serialize the private fields
            </summary>
            <param name="info"></param>
            <param name="context"></param>
        </member>
        <member name="P:LibraryConfigTool.Internal.MultipleConfigVersionsException.LibraryName">
            <summary>
            Return the name of the library that has one or more versions specified
            </summary>
        </member>
        <member name="M:LibraryConfigTool.Internal.OutputManager.SyncProcessMessage(System.Runtime.Remoting.Messaging.IMessage)">
            <summary>
            Weak-typed method wrapper to facilitate calling from subordinate app-domain which was created in the LoadFrom context
            </summary>
            <param name="msg"></param>
            <returns></returns>
        </member>
        <member name="T:LibraryConfigTool.Internal.Strings">
            <summary>
              A strongly-typed resource class, for looking up localized strings, etc.
            </summary>
        </member>
        <member name="P:LibraryConfigTool.Internal.Strings.ResourceManager">
            <summary>
              Returns the cached ResourceManager instance used by this class.
            </summary>
        </member>
        <member name="P:LibraryConfigTool.Internal.Strings.Culture">
            <summary>
              Overrides the current thread's CurrentUICulture property for all
              resource lookups using this strongly typed resource class.
            </summary>
        </member>
        <member name="P:LibraryConfigTool.Internal.Strings.AddFilesProcessingFailedExplicitlySpecifiedFileNotFound">
            <summary>
              Looks up a localized string similar to AddFiles processing failed;  explicitly specified file not found..
            </summary>
        </member>
        <member name="P:LibraryConfigTool.Internal.Strings.Arguments">
            <summary>
              Looks up a localized string similar to Arguments.
            </summary>
        </member>
        <member name="P:LibraryConfigTool.Internal.Strings.AssemblyRegistrationFailed">
            <summary>
              Looks up a localized string similar to Assembly registration failed..
            </summary>
        </member>
        <member name="P:LibraryConfigTool.Internal.Strings.AssemblyRegistrationFailedFileNotFound">
            <summary>
              Looks up a localized string similar to Assembly registration failed;  file not found..
            </summary>
        </member>
        <member name="P:LibraryConfigTool.Internal.Strings.CollectionOrCollectionNameRequired">
            <summary>
              Looks up a localized string similar to You must specify either &apos;Collection&apos;, identifying the collection variable to use,or the &apos;CollectionName&apos; for an expression which evaluates to a collection variable name (e.g., &apos;$(MyCollectionName)&apos; which evaluates to &apos;MyCollection&apos; in the case where &apos;$(MyCollection)&apos; is in fact a valid declared collection variable)..
            </summary>
        </member>
        <member name="P:LibraryConfigTool.Internal.Strings.ConvertAssemblyToTypeLibCompletedSuccessfully">
            <summary>
              Looks up a localized string similar to ConvertAssemblyToTypeLib() completed successfully..
            </summary>
        </member>
        <member name="P:LibraryConfigTool.Internal.Strings.ConvertAssemblyToTypeLibFailed">
            <summary>
              Looks up a localized string similar to ConvertAssemblyToTypeLib() failed..
            </summary>
        </member>
        <member name="P:LibraryConfigTool.Internal.Strings.ConvertTypeLibToAssemblySucceeded">
            <summary>
              Looks up a localized string similar to ConvertTypeLibToAssembly() succeeded..
            </summary>
        </member>
        <member name="P:LibraryConfigTool.Internal.Strings.CreateVirtualDirectoryFailed">
            <summary>
              Looks up a localized string similar to Failed to create IIS virtual directory..
            </summary>
        </member>
        <member name="P:LibraryConfigTool.Internal.Strings.CreateVirtualDirectoryFailedFolderDoesNotExist">
            <summary>
              Looks up a localized string similar to Failed to create IIS virtual directory; Local path does not exist..
            </summary>
        </member>
        <member name="P:LibraryConfigTool.Internal.Strings.CustomInstallerExecutionFailed">
            <summary>
              Looks up a localized string similar to Custom installer execution failed..
            </summary>
        </member>
        <member name="P:LibraryConfigTool.Internal.Strings.CustomInstallerExecutionFailedFileNotFound">
            <summary>
              Looks up a localized string similar to Custom installer execution failed;  file not found..
            </summary>
        </member>
        <member name="P:LibraryConfigTool.Internal.Strings.Destination">
            <summary>
              Looks up a localized string similar to Destination.
            </summary>
        </member>
        <member name="P:LibraryConfigTool.Internal.Strings.DLLCOMServerRegistrationFailed">
            <summary>
              Looks up a localized string similar to DLL COM server registration failed..
            </summary>
        </member>
        <member name="P:LibraryConfigTool.Internal.Strings.DLLCOMServerRegistrationFailedFileNotFound">
            <summary>
              Looks up a localized string similar to DLL COM server registration failed;  file not found..
            </summary>
        </member>
        <member name="P:LibraryConfigTool.Internal.Strings.DLLCOMServerRegistrationSucceeded">
            <summary>
              Looks up a localized string similar to DLL COM server registration succeeded..
            </summary>
        </member>
        <member name="P:LibraryConfigTool.Internal.Strings.DllRegisterServerFailed">
            <summary>
              Looks up a localized string similar to DllRegisterServer() failed..
            </summary>
        </member>
        <member name="P:LibraryConfigTool.Internal.Strings.DllRegisterServerInvokeSucceeded">
            <summary>
              Looks up a localized string similar to DllRegisterServer() invoke succeeded..
            </summary>
        </member>
        <member name="P:LibraryConfigTool.Internal.Strings.DuplicateCollectionVariableDefinitionFormat">
            <summary>
              Looks up a localized string similar to A collection variable named &apos;{0}&apos; has already been defined in this context.    Note that CollectionVariable names are case sensitive..
            </summary>
        </member>
        <member name="P:LibraryConfigTool.Internal.Strings.DuplicateTargetErrorFormat">
            <summary>
              Looks up a localized string similar to A target named &apos;{0}&apos; has already been defined in this context.  Note that Target names are case sensitive..
            </summary>
        </member>
        <member name="P:LibraryConfigTool.Internal.Strings.DuplicateVariableDefinitionFormat">
            <summary>
              Looks up a localized string similar to A variable named &apos;{0}&apos; has already been defined in this context.    Note that Variable names are case sensitive..
            </summary>
        </member>
        <member name="P:LibraryConfigTool.Internal.Strings.Error">
            <summary>
              Looks up a localized string similar to Error.
            </summary>
        </member>
        <member name="P:LibraryConfigTool.Internal.Strings.ErrorInLibrayConfigSchema">
            <summary>
              Looks up a localized string similar to An error was encountered in the schema of a Library Config file. See the inner exception for details on the specific error encountered..
            </summary>
        </member>
        <member name="P:LibraryConfigTool.Internal.Strings.ExternalCommandFailed">
            <summary>
              Looks up a localized string similar to External command failed..
            </summary>
        </member>
        <member name="P:LibraryConfigTool.Internal.Strings.ExternalCommandFailedCommandReturnedNonZeroExitCode">
            <summary>
              Looks up a localized string similar to External command failed;  command returned non-zero exit code..
            </summary>
        </member>
        <member name="P:LibraryConfigTool.Internal.Strings.ExternalCommandFailedCommandReturnedNonZeroExitCodeNoRetries">
            <summary>
              Looks up a localized string similar to External command failed;  command returned non-zero exit code; no retries remaining..
            </summary>
        </member>
        <member name="P:LibraryConfigTool.Internal.Strings.ExternalCommandFiledFileNotFound">
            <summary>
              Looks up a localized string similar to External command filed;  file not found..
            </summary>
        </member>
        <member name="P:LibraryConfigTool.Internal.Strings.FailedToPublishManifest">
            <summary>
              Looks up a localized string similar to Failed to publish manifest..
            </summary>
        </member>
        <member name="P:LibraryConfigTool.Internal.Strings.FileCopyFailed">
            <summary>
              Looks up a localized string similar to File copy failed..
            </summary>
        </member>
        <member name="P:LibraryConfigTool.Internal.Strings.FileCopyFailedUnableToAcquireLibraryConfigToolCopyToMutex">
            <summary>
              Looks up a localized string similar to File copy failed;  unable to acquire &apos;LibraryConfigTool_CopyTo&apos; mutex..
            </summary>
        </member>
        <member name="P:LibraryConfigTool.Internal.Strings.FileCopySucceeded">
            <summary>
              Looks up a localized string similar to File copy succeeded..
            </summary>
        </member>
        <member name="P:LibraryConfigTool.Internal.Strings.FileName">
            <summary>
              Looks up a localized string similar to FileName.
            </summary>
        </member>
        <member name="P:LibraryConfigTool.Internal.Strings.FileNotFoundFormat">
            <summary>
              Looks up a localized string similar to File not found &apos;{0}&apos;..
            </summary>
        </member>
        <member name="P:LibraryConfigTool.Internal.Strings.FilePackagingFailed">
            <summary>
              Looks up a localized string similar to File packaging failed..
            </summary>
        </member>
        <member name="P:LibraryConfigTool.Internal.Strings.GACInstallationOfAssemblyFailed">
            <summary>
              Looks up a localized string similar to GAC installation of assembly failed..
            </summary>
        </member>
        <member name="P:LibraryConfigTool.Internal.Strings.GACInstallationOfAssemblyFailedFileNotFound">
            <summary>
              Looks up a localized string similar to GAC installation of assembly failed;  file not found..
            </summary>
        </member>
        <member name="P:LibraryConfigTool.Internal.Strings.GetProcAddressFailed">
            <summary>
              Looks up a localized string similar to GetProcAddress() failed..
            </summary>
        </member>
        <member name="P:LibraryConfigTool.Internal.Strings.InvalidVariableNameFormat">
            <summary>
              Looks up a localized string similar to Invalid variable name specified &apos;{0}&apos;.  Variable names cannot contain any of the following characters:  &apos;$&apos;, &apos;(&apos;, &apos;)&apos;, or&apos;::&apos;..
            </summary>
        </member>
        <member name="P:LibraryConfigTool.Internal.Strings.LoadLibraryFailed">
            <summary>
              Looks up a localized string similar to LoadLibrary() failed..
            </summary>
        </member>
        <member name="P:LibraryConfigTool.Internal.Strings.LoadTypeLibFailed">
            <summary>
              Looks up a localized string similar to LoadTypeLib() failed..
            </summary>
        </member>
        <member name="P:LibraryConfigTool.Internal.Strings.MissingOrEmptyAttributeOfElementFormat">
            <summary>
              Looks up a localized string similar to A missing or empty &apos;{0}&apos; attribute was found in a &apos;{1}&apos; element or expression..
            </summary>
        </member>
        <member name="P:LibraryConfigTool.Internal.Strings.NoVirtualDirectoryToRemove">
            <summary>
              Looks up a localized string similar to There is no IIS virtual directorty with the specified name to remove..
            </summary>
        </member>
        <member name="P:LibraryConfigTool.Internal.Strings.Path">
            <summary>
              Looks up a localized string similar to Path.
            </summary>
        </member>
        <member name="P:LibraryConfigTool.Internal.Strings.RegisterAssemblyReturnedFalseNoEligibleTypesFoundToRegister">
            <summary>
              Looks up a localized string similar to RegisterAssembly() returned false;  no eligible types found to register..
            </summary>
        </member>
        <member name="P:LibraryConfigTool.Internal.Strings.RegisterAssemblyReturnedTrueTypesSuccessfullyRegistered">
            <summary>
              Looks up a localized string similar to RegisterAssembly() returned true;  types successfully registered..
            </summary>
        </member>
        <member name="P:LibraryConfigTool.Internal.Strings.RegisterTypeLibFailed">
            <summary>
              Looks up a localized string similar to RegisterTypeLib() failed..
            </summary>
        </member>
        <member name="P:LibraryConfigTool.Internal.Strings.RegisterTypeLibSucceeded">
            <summary>
              Looks up a localized string similar to RegisterTypeLib() succeeded..
            </summary>
        </member>
        <member name="P:LibraryConfigTool.Internal.Strings.RegTLibFailed">
            <summary>
              Looks up a localized string similar to RegTLib failed..
            </summary>
        </member>
        <member name="P:LibraryConfigTool.Internal.Strings.RegTLibFailedFileNotFound">
            <summary>
              Looks up a localized string similar to RegTLib failed;  file not found..
            </summary>
        </member>
        <member name="P:LibraryConfigTool.Internal.Strings.RegTLibFailedLoadTypeLibFailed">
            <summary>
              Looks up a localized string similar to RegTLib failed;  LoadTypeLib() failed..
            </summary>
        </member>
        <member name="P:LibraryConfigTool.Internal.Strings.RegTLibFailedRegisterTypeLibFailed">
            <summary>
              Looks up a localized string similar to RegTLib failed;  RegisterTypeLib() failed..
            </summary>
        </member>
        <member name="P:LibraryConfigTool.Internal.Strings.RegTLibSucceeded">
            <summary>
              Looks up a localized string similar to RegTLib succeeded..
            </summary>
        </member>
        <member name="P:LibraryConfigTool.Internal.Strings.RegularExpressionFileReplacementFailed">
            <summary>
              Looks up a localized string similar to Regular expression file replacement failed..
            </summary>
        </member>
        <member name="P:LibraryConfigTool.Internal.Strings.RemoveVirtualDirectoryFailed">
            <summary>
              Looks up a localized string similar to Failed to remove IIS virtual directory..
            </summary>
        </member>
        <member name="P:LibraryConfigTool.Internal.Strings.Source">
            <summary>
              Looks up a localized string similar to Source.
            </summary>
        </member>
        <member name="P:LibraryConfigTool.Internal.Strings.SourceFileDoesNotExist">
            <summary>
              Looks up a localized string similar to Source file does not exist..
            </summary>
        </member>
        <member name="P:LibraryConfigTool.Internal.Strings.SuccessfullyExecutedExternalCommand">
            <summary>
              Looks up a localized string similar to Successfully executed external command..
            </summary>
        </member>
        <member name="P:LibraryConfigTool.Internal.Strings.TargetInteropAssemblyDirectoryDoesNotExistCreating">
            <summary>
              Looks up a localized string similar to Target interop assembly directory does not exist;  creating..
            </summary>
        </member>
        <member name="P:LibraryConfigTool.Internal.Strings.TargetNotDeclaredErrorFormat">
            <summary>
              Looks up a localized string similar to No Target declaration found for &apos;{0}&apos;..
            </summary>
        </member>
        <member name="P:LibraryConfigTool.Internal.Strings.TheMethodOrOperationIsNotImplemented">
            <summary>
              Looks up a localized string similar to The method or operation is not implemented..
            </summary>
        </member>
        <member name="P:LibraryConfigTool.Internal.Strings.TwoVersionsOfSameConfigErrorFormat">
            <summary>
              Looks up a localized string similar to Previous loaded {0} library config has different content than version currently loading..
            </summary>
        </member>
        <member name="P:LibraryConfigTool.Internal.Strings.TypeLibPath">
            <summary>
              Looks up a localized string similar to TypeLibPath.
            </summary>
        </member>
        <member name="P:LibraryConfigTool.Internal.Strings.TypeLibraryImportFailed">
            <summary>
              Looks up a localized string similar to Type library import failed..
            </summary>
        </member>
        <member name="P:LibraryConfigTool.Internal.Strings.TypeLibraryImportFailedFileNotFound">
            <summary>
              Looks up a localized string similar to Type library import failed;  file not found..
            </summary>
        </member>
        <member name="P:LibraryConfigTool.Internal.Strings.TypeLibraryImportSucceeded">
            <summary>
              Looks up a localized string similar to Type library import succeeded..
            </summary>
        </member>
        <member name="P:LibraryConfigTool.Internal.Strings.UnableToFindLibraryConfigFormat">
            <summary>
              Looks up a localized string similar to Unable to find a file named &apos;{0}&apos; in either the current working directory or in any parent directory.  Use the /configFile option to specify an alternate file path to load..
            </summary>
        </member>
        <member name="P:LibraryConfigTool.Internal.Strings.UndefinedTargetSettingFormat">
            <summary>
              Looks up a localized string similar to Setting &apos;{0}&apos; is not defined for target &apos;{1}&apos;..
            </summary>
        </member>
        <member name="P:LibraryConfigTool.Internal.Strings.UnresolvedVariableDefinitionFormat">
            <summary>
              Looks up a localized string similar to Variable used which is not defined &apos;{0}&apos; in expression &apos;{1}&apos;..
            </summary>
        </member>
        <member name="P:LibraryConfigTool.Internal.Strings.UnsupportedDestinationFileFormat">
            <summary>
              Looks up a localized string similar to DestinationFile &apos;{0}&apos; is unsupported..
            </summary>
        </member>
        <member name="P:LibraryConfigTool.Internal.Strings.UnsupportedElement">
            <summary>
              Looks up a localized string similar to Element &apos;{0}&apos; is unsupported..
            </summary>
        </member>
        <member name="P:LibraryConfigTool.Internal.Strings.UnsupportedExcludeExpressionFormat">
            <summary>
              Looks up a localized string similar to Exclude Expression &apos;{0}&apos; is unsupported..
            </summary>
        </member>
        <member name="P:LibraryConfigTool.Internal.Strings.UnsupportedFileSpecFormat">
            <summary>
              Looks up a localized string similar to AddFiles FileSpec &apos;{0}&apos; is unsupported..
            </summary>
        </member>
        <member name="P:LibraryConfigTool.Internal.Strings.UnsupportedIfConnectorFormat">
            <summary>
              Looks up a localized string similar to Conditional connector &apos;{0}&apos; in If clause is unsupported..
            </summary>
        </member>
        <member name="P:LibraryConfigTool.Internal.Strings.UnsupportedSourceFileFormat">
            <summary>
              Looks up a localized string similar to SourceFile &apos;{0}&apos; is unsupported..
            </summary>
        </member>
        <member name="P:LibraryConfigTool.Internal.Strings.UnsupportedTestTypeFormat">
            <summary>
              Looks up a localized string similar to Test value &apos;{0}&apos; is unsupported..
            </summary>
        </member>
        <member name="P:LibraryConfigTool.Internal.Strings.VirtualDirectory">
            <summary>
              Looks up a localized string similar to Virtual Directory.
            </summary>
        </member>
        <member name="P:LibraryConfigTool.Internal.Strings.VirtualDirectoryAlreadyExists">
            <summary>
              Looks up a localized string similar to The specified IIS virtual directory already exists.  The existing virtual directory was updated to the new path..
            </summary>
        </member>
        <member name="P:LibraryConfigTool.Internal.Strings.VirtualDirectoryRemoved">
            <summary>
              Looks up a localized string similar to IIS virtual directory removed successfully..
            </summary>
        </member>
        <member name="P:LibraryConfigTool.Internal.Strings.VitualDirectoryCreated">
            <summary>
              Looks up a localized string similar to IIS virtual directory created successfully..
            </summary>
        </member>
        <member name="M:LibraryConfigTool.Internal.WXSTransformInstalledFilesToDirectoryStructureStep.WriteDirectoryElement(System.Xml.XmlWriter,System.String,System.Boolean,System.String)">
            <summary>
            Writes a Directory element to the writer.
            </summary>
            <param name="writer">Writer to output to.</param>
            <param name="path">Path to directory to write to XML</param>
            <param name="recurse">Recurse into sub directories</param>
            <param name="idFragment"></param>
        </member>
        <member name="M:LibraryConfigTool.Internal.WXSTransformInstalledFilesToDirectoryStructureStep.StartComponentElement(System.Xml.XmlWriter,System.String)">
            <summary>
            Writes the beginning of a Component element to the writer.
            </summary>
            <param name="writer">Writer to output to.</param>
            <param name="id"></param>
        </member>
        <member name="M:LibraryConfigTool.Internal.WXSTransformInstalledFilesToDirectoryStructureStep.WriteFileElement(System.Xml.XmlWriter,System.String,System.String)">
            <summary>
            Writes a File element to the writer.
            </summary>
            <param name="writer">Writer to output to.</param>
            <param name="path">Path to file to write to XML.</param>
            <param name="id"></param>
        </member>
        <member name="M:LibraryConfigTool.Internal.WXSTransformInstalledFilesToDirectoryStructureStep.EndComponentElement(System.Xml.XmlWriter)">
            <summary>
            Writes the end of a Component element to the writer.
            </summary>
            <param name="writer">Writer to output to.</param>
        </member>
        <member name="T:LibraryConfigTool.Internal.WXSTransformInstalledFilesToDirectoryStructureStep.NativeMethods">
            <summary>
            Private class to do interop.
            </summary>
        </member>
        <member name="M:LibraryConfigTool.Internal.WXSTransformInstalledFilesToDirectoryStructureStep.NativeMethods.GetShortPathName(System.String)">
            <summary>
            Gets the short name for a file.
            </summary>
            <param name="fullPath">Fullpath to file on disk.</param>
            <returns>Short name for file.</returns>
        </member>
        <member name="M:LibraryConfigTool.Internal.WXSTransformInstalledFilesToDirectoryStructureStep.NativeMethods.GetShortPathName(System.String,System.Text.StringBuilder,System.Int32)">
            <summary>
            Gets the short name for a file.
            </summary>
            <param name="longPath">Long path to convert to short path.</param>
            <param name="shortPath">Short path from long path.</param>
            <param name="buffer">Size of short path.</param>
            <returns>zero if success.</returns>
        </member>
    </members>
</doc>
